82370,8007228,36.413364,127.406975,청벽산공원
82360,8007227,36.415512,127.40707,조은정밀
82340,8007225,36.420868,127.40454,대전테크노파크
82320,8007223,36.422047,127.40179,한텍
44680,8005507,36.425762,127.39312,수변공원
44550,8001556,36.423775,127.388306,관평중학교
44530,8001306,36.42009,127.38587,테크노밸리4단지
81720,8007047,36.418575,127.38797,테크노밸리6단지
81930,8002804,36.417107,127.39259,테크노밸리12단지
44400,8102775,36.410786,127.3941,탑립육교
44290,8002767,36.40883,127.39573,탑립1통
44120,8002073,36.404972,127.39753,k-water인재개발원
45840,8003087,36.40321,127.39759,대덕특구체육공원
44100,8001331,36.39953,127.39742,선비마을
44160,8002535,36.399544,127.39959,전민동주민센터
44250,8002537,36.400837,127.404976,전민중학교
44200,8002533,36.403927,127.40497,태광산업중앙연구소
44210,8007030,36.40358,127.40484,태광산업중앙연구소
44230,8002532,36.400772,127.404816,전민중학교
44220,8002531,36.397938,127.404785,엑스포아파트
44060,8002207,36.396286,127.404785,문지초등학교입구
46500,8007394,36.39248,127.40486,해링턴아파트
44040,8001657,36.390182,127.40302,문지삼거리
44030,8002884,36.390175,127.40007,KAIST문지캠퍼스
44000,8002530,36.390533,127.39064,전력연구원
43160,8001312,36.386524,127.37847,대덕고등학교
43140,8001329,36.385826,127.37735,연구단지네거리
43120,8002896,36.38567,127.37311,한국표준과학연구원
43090,8002883,36.38417,127.36712,과학기술연합대학원(UST)
43460,8001293,36.385647,127.363686,한국연구재단
43430,8001319,36.390736,127.36218,대덕대학
43390,8002626,36.39218,127.359505,중소벤처기업청
43370,8002874,36.394764,127.35649,한국기계연구원
81320,8005655,36.394547,127.35264,아리랑보쌈앞
81290,8005662,36.39218,127.350945,애경연구원
81270,8005663,36.390903,127.34965,탄동농협
81230,8005783,36.3893,127.34808,신성동주민센터
81170,8005664,36.38593,127.347855,럭키하나아파트
42940,8002397,36.384247,127.34564,유성구노인복지관
42570,8002348,36.377274,127.34238,우주통신연구소
42550,8002740,36.374523,127.341446,대전보훈요양원
42540,8002742,36.37055,127.340126,충대서문
42130,8001196,36.36625,127.3387,궁동교
42120,8001194,36.363605,127.3376,궁동네거리
42100,8002395,36.35878,127.33624,유성고속터미널
41210,8001590,36.354645,127.33812,리베라호텔
41330,8002412,36.35432,127.341934,유성온천역7번출구
41360,8002997,36.358105,127.34342,온천교
42610,8005516,36.360374,127.34432,충남대학교
42690,8001192,36.36067,127.34952,궁동
42730,8002939,36.362225,127.35317,한빛아파트
42750,8002737,36.366425,127.352036,충대농대종점
42740,8002736,36.3661,127.351875,충대농대종점
42720,8002941,36.36286,127.353004,한빛아파트
42710,8002735,36.36042,127.35253,충대농대입구
42700,8001193,36.360806,127.34954,궁동
42600,8002721,36.36156,127.34412,충남대학교
41350,8002961,36.357758,127.3426,온천교
41320,8002411,36.35488,127.34153,유성온천역6번출구
41290,8002410,36.35433,127.33982,유성온천역5번출구
41200,8002401,36.355885,127.336685,유성자이아파트
42110,8002394,36.358315,127.33639,유성고속터미널
42090,8002492,36.361187,127.33618,장대네거리
42140,8001195,36.364986,127.33864,궁동네거리
42530,8002741,36.369427,127.34012,충대서문
42560,8002739,36.37433,127.34173,대전보훈요양원
42580,8002738,36.37747,127.34274,충대수의대
42971,8081299,36.384037,127.34613,KT&G연구소
81990,8005782,36.385944,127.34802,럭키하나아파트
81220,8005758,36.388996,127.348015,신성동주민센터
82000,8005784,36.39078,127.34977,탄동농협
82010,8005757,36.392067,127.35102,애경연구원
82020,8005756,36.394287,127.352745,아리랑보쌈앞
43360,8002875,36.395924,127.35568,한국기계연구원
43380,8002890,36.392002,127.359184,한국타이어중앙연구소
43420,8001318,36.390224,127.36225,대덕대학
43080,8002882,36.383816,127.36687,한국전자통신연구원
43100,8002895,36.385338,127.37312,한국표준과학연구원
43200,8001311,36.386524,127.3788,대덕고등학교
43230,8001326,36.38845,127.37959,대덕터널입구
44010,8002529,36.390285,127.39075,국립문화재연구소
44020,8002885,36.390236,127.39686,LG화학기술연구원
44070,8001658,36.390724,127.4051,문지삼거리
44240,8002208,36.39646,127.405,엑스포아파트
44180,8002026,36.39971,127.40375,세종아파트
44170,8002536,36.399734,127.40078,전민동주민센터
44110,8001332,36.39973,127.397385,선비마을
45850,8003088,36.402363,127.39761,대덕특구체육공원
44130,8002074,36.40474,127.39766,LH연구원
44300,8005667,36.40894,127.39585,탑립1통
44410,8102776,36.410706,127.39425,탑립육교
82050,8002805,36.417316,127.392784,테크노밸리12단지
81730,8005738,36.41879,127.38794,테크노밸리6단지
44540,8001305,36.42003,127.38616,테크노밸리5단지
44560,8001555,36.42417,127.38874,관평중학교
44670,8005508,36.42564,127.39289,수변공원
46280,8007189,36.422573,127.396255,미래남교
82310,8007222,36.42202,127.40115,한텍
82330,8007224,36.420628,127.404335,대전테크노파크
82350,8007226,36.416355,127.40683,조은정밀
20980,9002254,36.299335,127.45434,옥계동
20940,8002980,36.303894,127.45041,호동
20900,8001963,36.309032,127.44354,석교동행정복지센터
21120,8001792,36.31405,127.43449,부사오거리
21100,8002744,36.317005,127.43284,한밭종합운동장
20800,8002251,36.321606,127.43011,오토바이거리
20050,8002437,36.3291,127.427444,으능정이거리
12400,8001418,36.33254,127.43213,대전역
11980,8001996,36.3417,127.4356,성남네거리
12010,8001097,36.349037,127.437195,복합터미널
11820,8002881,36.357525,127.43469,한국전력공사
51450,8002611,36.363384,127.43128,중리동
51180,8001744,36.36674,127.43036,법동전통시장
51150,8001536,36.37338,127.42845,대덕소방서
50730,8002465,36.37854,127.42702,읍내동현대아파트
50810,8002259,36.400826,127.42294,와동현대아파트
52260,8002139,36.432716,127.42364,신탄진한일병원
52340,8001474,36.437904,127.42651,덕암동주민센터
52830,8001242,36.44492,127.429695,남경마을
52810,8002134,36.449253,127.42926,신탄진역
51710,8002132,36.450474,127.42504,신탄진시장
51740,8001631,36.448692,127.41095,목상동주민센터
51800,8003021,36.444664,127.40385,효성신탄진공장
51790,8001231,36.441734,127.40005,기흥기계
44840,8001283,36.431534,127.3872,북부여성가족원
44760,8002911,36.42913,127.38439,한마을아파트후문
44720,8002910,36.43031,127.383286,한마을아파트
44810,8001793,36.43535,127.3863,송강전통시장
44800,8001782,36.4376,127.386024,송강마을아파트
44490,8001783,36.448463,127.3846,봉산동기점
44790,8001178,36.437572,127.38576,송강마을아파트
44780,8001794,36.435646,127.386406,송강전통시장
44730,8002050,36.43245,127.38405,송강초등학교
44710,8001200,36.430603,127.38317,그린아파트
44740,8002909,36.42897,127.38423,한마을아파트
44850,8001284,36.429672,127.38678,북부여성가족원
51830,8001230,36.44141,127.40012,기흥기계
51860,8003020,36.444374,127.40408,효성신탄진공장
51750,8001632,36.44893,127.4121,목상동주민센터
51700,8002131,36.450222,127.42443,신탄진시장
52790,8002133,36.449863,127.42896,신탄진역
51720,8001241,36.44464,127.429405,남경마을
52330,8001473,36.438545,127.42649,덕암동주민센터
52270,8002140,36.43331,127.423805,신탄진한일병원
50800,8002093,36.400158,127.42283,신대주공아파트
50720,8002464,36.37835,127.426674,읍내동현대아파트
51140,8001430,36.372147,127.42838,대덕소방서
51410,8001721,36.366577,127.42988,법동전통시장
51440,8002609,36.362762,127.43095,중리동
11810,8002880,36.357193,127.43446,한국전력공사
11830,8001096,36.349014,127.43567,복합터미널
11970,8001994,36.34042,127.43501,성남네거리
12390,8001419,36.332737,127.431725,대전역
20060,8005994,36.32963,127.42796,으능정이거리
20790,8002252,36.322025,127.42955,오토바이거리
21090,8002743,36.316734,127.43257,한밭종합운동장
21130,8001789,36.312645,127.43552,부사오거리
20890,8001964,36.309402,127.44197,석교동행정복지센터
20930,8002981,36.3047,127.44926,호동
10400,8002833,36.301666,127.456375,은어송초등학교
20980,8002254,36.29909,127.45455,옥계동
45610,8070009,36.295856,127.319496,한아름아파트
40170,8005859,36.29725,127.32031,진잠타운아파트
80040,8005705,36.298817,127.32031,샘물타운
40110,8002352,36.299892,127.318565,원내동
40010,8002679,36.301,127.315384,진잠초등학교
40050,8002673,36.303165,127.316635,교촌초등학교
40140,8002574,36.303707,127.31874,제이파크아파트
40150,8002949,36.306267,127.3198,한승미메이드아파트
40250,8001137,36.309734,127.31823,교도소입구
40300,8001140,36.311874,127.31858,교촌3통
40340,8001579,36.313576,127.32004,드리움아파트
45310,8005693,36.315414,127.32003,드리움공원
40320,8003001,36.31635,127.31891,화물터미널
40290,8001438,36.315563,127.315384,대정2통
40270,8001440,36.319496,127.31409,대정동
40370,8002669,36.324127,127.3119,밀머리네거리
40500,8001092,36.325836,127.3116,계산동
40440,8002105,36.33158,127.31187,신생병원
40460,8002868,36.334797,127.31284,학하초등학교
40480,8002863,36.337376,127.314766,학하동
82490,8007024,36.33856,127.31284,자광사
82470,8007229,36.340897,127.307686,학하중앙로
45950,8007064,36.34063,127.30499,별밭공원
45800,8003073,36.337635,127.30315,학의뜰아파트
45810,8003072,36.337196,127.30318,학하동종점
82450,8007230,36.341743,127.30313,미학아파트
82430,8007231,36.34422,127.307976,씨엔씨티에너지학하CES
82410,8007232,36.344666,127.31345,복용3통
82390,8007233,36.342953,127.31758,복용1통
46240,8007169,36.34259,127.321236,오토월드
41510,8002418,36.347733,127.32574,유성생명과학고
41530,8001166,36.349415,127.32707,구암동
41590,8001703,36.351322,127.33266,유성구보훈회관
41600,8002392,36.350636,127.33555,유성고등학교
82160,8005681,36.353733,127.33894,유성온천역
41180,8002403,36.355713,127.3346,유성시외버스정류장
82170,8005967,36.356323,127.33241,구암역
42020,8002405,36.358658,127.33319,유성시장
42960,8002956,36.385063,127.34602,한울아파트후문
42990,8002111,36.38917,127.34697,신성동주민센터
43710,8002490,36.394436,127.34978,자운대네거리
82600,8007409,36.400547,127.34611,국군대전병원
82610,8007408,36.401703,127.33987,육군정보통신학교
82180,8005736,36.408287,127.33726,복지관
82190,8005966,36.410587,127.33727,군인아파트
82200,8005671,36.41376,127.33734,자운상가
82070,8005670,36.416744,127.3383,군인아파트
82210,8005970,36.41806,127.33673,군인아파트종점
82070,8005969,36.415863,127.33619,군인아파트노인정
81680,8005653,36.413765,127.33708,자운상가
43730,8001191,36.41093,127.337074,군인아파트
43720,8001764,36.408875,127.33707,복지관
46560,8007407,36.401535,127.3401,육군정보통신학교
43670,8002435,36.400566,127.3458,국군대전병원
43700,8002491,36.395054,127.34871,자운동종점
42980,8002110,36.388905,127.34672,신성동주민센터
42950,8001997,36.38632,127.34598,성덕중학교
42080,8002493,36.361412,127.336,장대네거리
42010,8002404,36.35891,127.33311,유성시장
82080,8005968,36.356186,127.33208,구암역
41190,8002402,36.355476,127.334816,유성시외버스정류장
41220,8001777,36.353,127.33848,온천1동주민센터
41610,8002393,36.35088,127.335625,유성고등학교
41580,8001704,36.351784,127.331764,유성구보훈회관
41520,8001167,36.34947,127.326836,구암동
41500,8002419,36.34874,127.326324,유성생명과학고
82380,8007238,36.3431,127.31788,복용1통
82400,8007239,36.34521,127.31293,복용3통
82420,8007240,36.344498,127.30779,씨엔씨티에너지학하CES
82440,8007023,36.34193,127.30295,미학아파트
82590,8007410,36.340885,127.305374,별밭공원
82460,8007241,36.340645,127.30772,학하중앙로
82480,8007025,36.33844,127.31286,자광사
40450,8002867,36.33476,127.31265,학하초등학교
40430,8002104,36.331535,127.31169,신생병원
40490,8001093,36.325844,127.311424,계산동
40360,8002670,36.324165,127.311745,밀머리네거리
40260,8001439,36.319744,127.31368,대정동
40280,8002275,36.316544,127.314735,용머리
45300,8005714,36.315506,127.31987,드리움공원
40330,8001580,36.312225,127.3198,드리움아파트
82110,8005711,36.311394,127.31724,교촌동
40240,8001138,36.308952,127.31842,교도소입구
40130,8002948,36.306843,127.31934,한승미메이드아파트
40090,8002575,36.304043,127.319435,제이파크아파트
40040,8002674,36.30332,127.31658,교촌초등학교
45460,8005584,36.30069,127.3153,진잠초등학교
40120,8002351,36.299774,127.31898,원내동
82130,8005652,36.298782,127.320114,샘물타운
40160,8005858,36.297318,127.32017,진잠타운아파트
45620,8070008,36.296062,127.3195,한아름아파트
82240,8005825,36.346645,127.33098,목련아파트
80470,8007100,36.34844,127.331764,유성생명과학고
80460,8005826,36.34847,127.33422,유성고후문
41500,8007028,36.346172,127.335526,유성중학교
82570,8007026,36.343105,127.3335,한라비발디아파트
82260,8005828,36.35071,127.33175,원불교유성교당
82270,8005656,36.3534,127.332886,구암동
42770,8002399,36.361675,127.357254,유성구청
42840,8002873,36.365772,127.364876,한국과학기술원
42900,8001432,36.36988,127.37128,대전지방기상청
42920,8001207,36.37228,127.37505,금강유역환경청
43220,8002202,36.377346,127.379196,엑스포과학공원
43170,8001324,36.380196,127.37876,대덕중학교
43180,8001103,36.382217,127.378784,공동관리아파트
43510,8001727,36.395798,127.37361,삼양사중앙연구소
46010,8005943,36.399807,127.374306,한국천문연구원
46270,8007182,36.404694,127.37669,에이팩
43520,8003005,36.41027,127.37748,화암네거리
43560,8002540,36.4132,127.378456,전자디자인고
43550,8001321,36.417473,127.37831,북대전IC네거리
82280,8005812,36.42093,127.38143,테크노밸리1단지
82290,8005971,36.425167,127.38464,테크노밸리7단지
44750,8002943,36.43271,127.38438,한솔아파트
44770,8001179,36.438026,127.38519,휴먼시아아파트
45590,8070004,36.438538,127.38141,송강중학교
82540,8007237,36.439793,127.38186,구즉초등학교
82520,8007236,36.440296,127.38431,구즉동주민센터
44500,8001778,36.44489,127.38408,협진운수
44480,8001780,36.445457,127.38392,협진운수
82510,8007235,36.440346,127.38412,구즉동주민센터
82530,8003056,36.43996,127.381805,구즉초등학교
82550,8003057,36.43796,127.382324,휴먼시아 1단지
82220,8005972,36.424995,127.384125,테크노밸리7단지
82230,8005846,36.421185,127.38116,테크노밸리1단지
43540,8001320,36.41783,127.37811,북대전IC네거리
43530,8002539,36.4124,127.37792,전자디자인고
46260,8007181,36.40399,127.375916,에이팩
46020,8005944,36.40003,127.374054,한국천문연구원
43500,8003041,36.39692,127.373474,국가정보자원관리원
43150,8001102,36.382385,127.37842,공동관리아파트
43110,8001325,36.37996,127.378426,대덕중학교
43210,8002203,36.37721,127.37889,엑스포과학공원
42930,8001182,36.374023,127.37792,국립중앙과학관
42910,8001742,36.372185,127.37445,보건환경연구원
42890,8001431,36.36993,127.37102,대전지방기상청
42830,8002872,36.365093,127.36284,한국과학기술원
42780,8002940,36.36263,127.35856,한빛아파트
42760,8002398,36.361362,127.35602,유성구청
80550,8005829,36.35337,127.33269,구암동
80480,8005660,36.350704,127.33156,원불교유성교당
40380,9002273,36.32574,127.32899,용계동종점
40400,8002267,36.326935,127.32988,용계2통
40420,8002271,36.329334,127.3309,용계동접수마을
41770,8002270,36.331398,127.33027,용계동
46130,8007156,36.332092,127.33451,도로교통공단
41810,8070030,36.333813,127.33826,흥도초등학교
45520,8005991,36.33707,127.33826,도안고등학교
45890,8003100,36.341488,127.33867,트리풀시티9단지
45500,8005990,36.345154,127.34042,도안센트럴시티
41240,8001775,36.35035,127.339264,봉명동
41230,8001776,36.35267,127.338554,온천1동주민센터
42060,8005574,36.357346,127.33444,유성시장
41480,8002694,36.359573,127.32464,천양원
41450,8002974,36.35962,127.319695,현충원역
41430,8001163,36.359207,127.31384,구암8통
41410,8002922,36.359524,127.30905,덕명네거리
41750,8002142,36.358303,127.30356,덕명동운암네오미아
41710,8001878,36.354275,127.30049,삼성화재연수원
41680,8002921,36.35188,127.29814,한밭대학교
41660,8003002,36.348263,127.29596,수통골삼거리
41650,9002077,36.346436,127.29511,수통골기점지
41650,8002077,36.346115,127.29532,수통골기점지
41670,8003003,36.348053,127.29619,수통골삼거리
41690,8002920,36.350746,127.29755,한밭대학교
41730,8001877,36.3543,127.30092,삼성화재연수원
41740,8002141,36.35838,127.304085,덕명동하우스토리
41400,8002923,36.36027,127.30626,덕명네거리
41420,8002589,36.359062,127.30974,주유소
41440,8001162,36.35907,127.31484,구암8통
41460,8002973,36.359344,127.32171,현충원역
41490,8002693,36.359413,127.325035,천양원
42040,8005573,36.35723,127.33475,유성시장
41250,8001774,36.35014,127.33929,봉명동
45490,8005993,36.346264,127.34013,휴먼시아4단지
45880,8003099,36.341614,127.33818,트리풀시티9단지
45510,8005992,36.337738,127.338036,도안고등학교
41800,8070029,36.333828,127.3381,흥도초등학교
46120,8007155,36.33241,127.334694,도로교통공단
41760,8002269,36.331524,127.33019,용계동
40410,8002272,36.32932,127.33084,용계동접수마을
40390,8002268,36.32694,127.32981,용계2통
40380,8005933,36.32538,127.329315,용계동종점
45380,8005932,36.324825,127.33477,용계54통
45360,8005931,36.327095,127.33471,목원대학사마을
33230,8001641,36.329678,127.33825,목원대학교
45350,8005930,36.3272,127.33465,목원대학사마을
45370,8005929,36.32485,127.334724,용계54통
40380,8002273,36.325485,127.32923,용계동종점
72350,8007016,36.191086,127.29414,벌곡면대덕리
72340,8007015,36.191757,127.29457,대덕리
72320,8007013,36.1965,127.284744,사정1리
72360,8007193,36.198257,127.281425,부엉골교
72130,8005146,36.195595,127.270996,사정2리
72080,8005165,36.195244,127.266426,새한주유소
72020,8005278,36.197105,127.26355,한삼천교
72040,8005275,36.19988,127.264084,한삼천2리
72050,8005142,36.205135,127.2658,벌곡
72100,8005144,36.20697,127.2669,벌곡농협
5176,8005176,36.20905,127.26786,양산교
72120,8005650,36.21212,127.26958,수정리
5648,8005648,36.21581,127.27078,고도리
72160,8005248,36.22173,127.27806,조령리입구
72180,8005194,36.218723,127.27895,신양3리
72300,8003126,36.215565,127.28425,신양2리
72200,8005191,36.215534,127.2862,신양2리
72210,8005189,36.215927,127.2888,신양1리
72240,8005196,36.21902,127.29254,신양리
72250,8005246,36.222454,127.29537,조동1리
34350,8002193,36.22405,127.30306,어곡교
35090,8005892,36.227345,127.302574,우명교
34250,8002221,36.230793,127.30841,오동
34280,8002214,36.231056,127.31157,영골
33930,8002517,36.23181,127.316345,장전
33950,8002835,36.239162,127.3183,평촌1통마을회관
33970,8001813,36.24089,127.32167,사기점골
34010,8001911,36.243793,127.32541,새터
34040,8001226,36.250732,127.33621,기성초등학교
33720,8003035,36.254738,127.34127,흑석네거리
33830,8001829,36.261597,127.345955,사진개
33740,8002525,36.270554,127.34144,장평보유원지
33800,8001267,36.27308,127.34391,노루벌
34470,8001896,36.27641,127.345955,상보안
34480,8001107,36.279686,127.34707,대전추모공원
34550,8001719,36.280823,127.354416,벌말
34510,8001126,36.28562,127.35239,고릿골구름다리
34540,8001129,36.288364,127.35451,괴곡동.고리골
33160,8002439,36.29771,127.35518,은아아파트
33150,8001031,36.298344,127.35393,가수원중학교
33090,8001008,36.300232,127.35167,가수원동
33030,8001017,36.30203,127.35014,가수원도서관
33070,8001029,36.30447,127.35135,가수원육교.가수원시장
33200,8001009,36.305706,127.356255,가수원네거리
30810,8002547,36.307278,127.363945,정림삼거리
30900,8002543,36.308147,127.36658,정림동
30910,8002544,36.309624,127.37183,서부소방서
30640,8002118,36.311165,127.376205,도마삼거리
30750,8001489,36.313633,127.38169,도마네거리
30770,8001492,36.314644,127.38391,도마시장
21680,8001714,36.31583,127.38794,버드내아파트
21690,8001953,36.315453,127.39004,서부종합시장
22370,8001955,36.312706,127.389,서남부터미널
21670,8003105,36.311935,127.38777,서남부터미널종점
21660,8001956,36.31511,127.38713,서남부터미널기점
30760,8001493,36.314804,127.38351,도마시장
30730,8001490,36.313805,127.38127,도마네거리
30650,8002119,36.3117,127.37665,도마삼거리
30490,8002545,36.31025,127.372375,서부소방서
30870,8002542,36.308105,127.36544,정림동
30800,8002546,36.30735,127.36225,가수원교
33020,8001018,36.301926,127.34996,가수원도서관
33080,8001019,36.30008,127.35158,가수원동
33130,8001030,36.298244,127.353745,가수원중학교
33170,8002438,36.297485,127.35515,은아아파트
33220,8003046,36.295704,127.35677,GS칼텍스저유소
34530,8001128,36.288486,127.35376,괴곡동.고리골
34500,8001127,36.285892,127.35225,고릿골구름다리
34520,8001720,36.280983,127.35444,벌말
34490,8001108,36.27981,127.34718,대전추모공원
34460,8001897,36.276516,127.3458,상보안
33790,8001266,36.272972,127.34371,노루벌
33730,8002526,36.270565,127.3412,장평보유원지
33820,8001830,36.26178,127.34574,사진개
33710,8003036,36.254856,127.3412,흑석네거리
34050,8001227,36.250916,127.336205,기성초등학교
34000,8001910,36.243614,127.32512,새터
33960,8001814,36.241,127.32157,사기점골
33940,8002834,36.239246,127.31824,평촌1통마을회관
33920,8002518,36.231895,127.31622,장전
34270,8002215,36.231174,127.3115,영골
34260,8002222,36.230988,127.30901,오동
35080,8005893,36.227283,127.30215,우명교
34340,8002192,36.224056,127.302895,어곡교
72260,8002586,36.222614,127.29529,조동1리
72230,8005195,36.219036,127.29235,신양리
72220,8005190,36.216053,127.288864,신양1리
72190,8005192,36.21575,127.28674,신양2리
72290,8003125,36.215683,127.284355,신양2리
72170,8005193,36.21883,127.279,신양3리
72150,8005247,36.221943,127.27816,조령리입구
5649,8005649,36.215775,127.2706,고도리
72110,8005651,36.212242,127.26943,수정리
5177,8005177,36.208828,127.26749,양산교
72090,8005145,36.207077,127.266785,벌곡농협
72060,8005143,36.205856,127.26595,벌곡
72030,8005276,36.199917,127.263985,한삼천2리
72010,8005277,36.197002,127.263405,한삼천교
72070,8005164,36.195133,127.26633,새한주유소
72140,8005147,36.195465,127.27101,사정2리
72360,8007192,36.198135,127.28142,부엉골교
72310,8007012,36.196377,127.28476,사정1리
72330,8007014,36.191795,127.29445,대덕리
34130,8002516,36.197174,127.33847,장안동종점
35000,8070038,36.201443,127.34054,산막골
35020,8070040,36.203888,127.34146,하산막골
35040,8070042,36.208626,127.33962,목련농원
34150,8002512,36.214123,127.33694,장안동
34170,8002523,36.220734,127.338394,장태산자연휴양림
34200,8002521,36.22197,127.342476,장태산길곡길입구
34230,8002515,36.226814,127.34574,장안저수지
34120,8002284,36.232365,127.346565,용바위
34070,8001860,36.23545,127.342415,용태울
34080,8002808,36.239403,127.34399,토옥골
33810,8001685,36.24263,127.34594,밤갈미
33780,8001605,36.247276,127.34338,매노동
33760,8001225,36.25011,127.34214,기성중학교
33700,8005958,36.2534,127.34101,기성농협
35370,8007379,36.254543,127.34313,기성동기점지
33700,8001224,36.253307,127.34091,기성농협
33750,8005534,36.25011,127.34206,기성중학교
33770,8001606,36.247124,127.34333,매노동
34100,8001684,36.242565,127.34575,밤갈미
34090,8001861,36.23972,127.344055,토옥골
34060,8002285,36.23547,127.34233,용태울
34110,8002283,36.231873,127.3463,용바위
34220,8002514,36.226856,127.345566,장안저수지
34210,8002522,36.22211,127.34252,장태산길곡길입구
34160,8002524,36.22058,127.33829,장태산자연휴양림
34140,8002513,36.214138,127.33684,장안동
35030,8070041,36.20853,127.33951,목련농원
35010,8070039,36.203613,127.34124,하산막골
34990,8070037,36.201332,127.340485,산막골
35430,8007385,36.257034,127.30649,원정동종점
34360,8002366,36.25784,127.301704,원정1통마을회관
35410,8007383,36.255066,127.30389,뒷골
34370,8002367,36.25355,127.304886,원정역
34400,8002323,36.24872,127.31278,용촌2통
33890,8002326,36.247578,127.31555,용촌교
35490,8007391,36.247154,127.31683,용촌교삼거리
33990,8002321,36.249195,127.3232,용촌1통
34030,8002178,36.24953,127.33071,야실
34020,8002179,36.249615,127.33072,야실
33980,8002322,36.249237,127.32296,용촌1통
34940,8003052,36.247215,127.31669,용촌교삼거리
33910,8002325,36.247635,127.31566,용촌교
34390,8002324,36.248817,127.312775,용촌2통
34380,8002368,36.253685,127.30501,원정역
35400,8007382,36.255016,127.304,뒷골
35420,8007384,36.257908,127.30181,원정1통마을회관
34290,8002335,36.23753,127.28561,우명동종점
35060,8007190,36.234467,127.287415,반송마을입구
35180,8007256,36.228657,127.29299,우명동낚시터
34300,8002333,36.22614,127.29368,우명동
34320,8002332,36.225334,127.29443,우명2구
34330,8002331,36.22536,127.294556,우명2구
34310,8002334,36.226166,127.29377,우명동
35170,8007255,36.228554,127.2934,우명동낚시터
35070,8007191,36.2345,127.28747,반송마을입구
34410,8001769,36.275448,127.320625,봉곡동
34420,8001767,36.273205,127.325714,봉곡1통
34440,8001765,36.27055,127.32827,봉곡
33640,8001450,36.265396,127.33295,대추벌
33660,8002069,36.25978,127.33751,수영장
33680,8003038,36.25521,127.33997,흑석리역
33690,8003037,36.255295,127.340065,흑석리역
33670,8002068,36.259895,127.33756,수영장
33650,8001451,36.265457,127.33304,대추벌
34450,8001766,36.270626,127.32836,봉곡
34430,8001768,36.273228,127.32587,봉곡1통
34240,8002842,36.236603,127.30756,평촌동종점
33870,8005597,36.237865,127.31247,평촌2통아래뜸
33900,8005598,36.239426,127.31552,평촌2통마을회관
33880,8002838,36.239532,127.31538,평촌2통마을회관
33860,8002837,36.23801,127.3125,평촌2통아래뜸
33700,9001224,36.253563,127.34091,기성농협
33850,8005614,36.267986,127.352104,등골
35200,8007265,36.27578,127.36462,암뱀골
34640,8001973,36.278587,127.365974,선골
34630,8001683,36.282818,127.36241,반지리
34570,8001620,36.28792,127.36061,모세골
34590,8002383,36.289787,127.36114,원정림
34610,8002549,36.293835,127.36187,정림중학교
30890,8002541,36.30175,127.36647,정림공원
30880,8002550,36.30361,127.36594,정림초등학교
30840,8001199,36.30666,127.36505,정림삼거리
30830,8001198,36.306957,127.364624,정림삼거리
30860,8002551,36.304733,127.36542,정림초등학교
30850,8002337,36.30247,127.36539,우성아파트
35100,8007195,36.30157,127.36363,정림동종점
30820,8002752,36.299046,127.36469,코스모스아파트
34600,8002548,36.29427,127.36185,정림중학교
34580,8002384,36.289658,127.36095,원정림
34560,8001621,36.28804,127.36048,모세골
34620,8001682,36.282787,127.36216,반지리
34650,8001974,36.27859,127.365814,선골
35190,8007264,36.27584,127.364456,암뱀골
33840,8001582,36.267963,127.35197,등골
11410,8005504,36.33353,127.43734,대전역동광장
11400,8002114,36.33171,127.44029,신안동
11180,8001348,36.329063,127.44173,대동역3번출구
11390,8002156,36.328274,127.43936,베스티안우송병원
10070,8002357,36.32757,127.43485,원동네거리
10040,8001412,36.32953,127.43368,대전역\/역전시장
12450,8001527,36.330685,127.43078,목척교
20290,8001875,36.328003,127.42372,삼성생명
20170,8002605,36.3243,127.418655,중구청역
22230,8001930,36.321213,127.413666,서대전네거리역1번출구
21010,8001355,36.31889,127.41645,충대병원네거리
22210,8002724,36.31792,127.41389,충남대학교병원
22130,8002033,36.316315,127.40959,센트럴파크2단지
21990,8001539,36.314606,127.404724,동산중고등학교
21950,8002718,36.31178,127.40145,충남기계공고
21880,8001664,36.31006,127.39845,문화동주공아파트
21860,8002600,36.308456,127.39575,중구보건소
22410,8001850,36.306515,127.39208,산성동새마을회관
22330,8001853,36.305332,127.38816,산성시장
22280,8001847,36.303757,127.38605,산성네거리
22570,8001856,36.300503,127.3855,산성초등학교
22550,8001828,36.29794,127.38467,사정동
22590,8001436,36.295746,127.38676,산성도서관
22630,8001894,36.294476,127.38924,상당
22610,8001522,36.29153,127.38817,오월드회전교차로
23490,8070033,36.287437,127.39129,보문산교통광장
23580,8007215,36.276375,127.39728,침산교\/점말
23600,8007217,36.273716,127.39626,침산동
22790,8005641,36.270885,127.39306,대전청소년수련마을
23610,8007218,36.27363,127.39639,침산동
23590,8007216,36.276344,127.39741,침산교\/점말
22760,8005889,36.277313,127.39846,침산동입구
22840,8001843,36.275246,127.40024,산서민원센터
22860,8001622,36.271717,127.40086,목달동
22800,8002564,36.258556,127.39826,정생농협창고
22820,8002560,36.256115,127.39936,정생1동
22880,8002998,36.25397,127.40135,화곡
22960,8002562,36.25069,127.4067,정생2동
22970,8001816,36.24791,127.41037,사기정골
23070,8001616,36.24485,127.421906,모랭이
23090,8001216,36.245632,127.42636,금동종점
23620,8007219,36.245754,127.42815,금동
13710,8002519,36.2553,127.43621,장척동
13730,8002041,36.26499,127.44033,소호2동
13750,8002043,36.26409,127.449745,소호동
13770,8002035,36.267746,127.452065,소리.말미
14500,8007186,36.27053,127.4513,지푸재
14160,8005891,36.279118,127.45696,대별동
14450,8007171,36.282116,127.4577,감나무골입구
13500,8002810,36.28513,127.45837,토토자연학습원
13510,8002473,36.287624,127.45926,이사동입구
13530,8001609,36.28967,127.46193,면허시험장
13680,8001357,36.287144,127.464775,오투그란데아파트
13400,8001832,36.2833,127.466415,산내주공아파트
13430,8001254,36.281143,127.46756,e편한세상아파트
13450,8001834,36.278748,127.46878,산내초등학교
13420,8005877,36.276424,127.46816,석천들마을아파트
13790,8005528,36.272728,127.47134,남대전종합물류단지
13820,8005538,36.270203,127.47661,낭월공영차고지
none,8003109,36.26705,127.47934,낭월공영차고지기점
13780,8005527,36.272915,127.47185,남대전종합물류단지
13410,8005876,36.27638,127.467415,석천들마을아파트
13460,8001835,36.27815,127.46926,산내초등학교
13440,8001253,36.280586,127.46806,e편한세상아파트
13390,8001833,36.28429,127.4661,산내주공아파트
13690,8001358,36.287636,127.46471,오투그란데아파트
13540,8001610,36.28984,127.46209,면허시험장
13520,8002472,36.2878,127.45933,이사동입구
13490,8002809,36.285057,127.45818,토토자연학습원
14440,8007170,36.28203,127.45755,감나무골입구
14150,8005890,36.27919,127.456856,대별동
14510,8007185,36.270634,127.451195,지푸재
13760,8002036,36.267864,127.45189,소리.말미
13740,8002044,36.264133,127.4496,소호동
13720,8002042,36.265137,127.4403,소호2동
13700,8002520,36.255253,127.435974,장척동
23110,8001214,36.245865,127.42811,금동
23100,8001215,36.245758,127.42662,금동종점
23080,8001615,36.24494,127.42203,모랭이
22980,8001815,36.248024,127.410484,사기정골
22900,8002563,36.250813,127.40685,정생2동
22890,8002999,36.254017,127.40157,화곡
22830,8002561,36.256176,127.399506,정생1동
22810,8002565,36.258682,127.39836,정생농협창고
22870,8001623,36.271706,127.40102,목달동
22850,8001844,36.27535,127.400375,산서민원센터
22770,8002751,36.277416,127.39857,침산동입구
23500,8070034,36.28766,127.391304,보문산교통광장
22620,8001523,36.291267,127.38825,오월드회전교차로
22640,8001895,36.29446,127.38948,상당
22600,8001437,36.295925,127.38716,산성도서관
22560,8001827,36.297787,127.38487,사정동
22580,8001857,36.300632,127.38583,산성초등학교
22290,8001846,36.30329,127.386314,산성네거리
22340,8001848,36.305172,127.388626,산성시장
22400,8001849,36.30624,127.39183,산성동새마을회관
21850,8002601,36.30817,127.39578,중구보건소
21890,8001665,36.31043,127.399536,문화동주공아파트
21960,8002719,36.31246,127.40221,충남기계공고
22000,8001538,36.314426,127.40492,동산중고등학교
22140,8002032,36.31571,127.408745,센트럴파크2단지
22220,8002723,36.31751,127.413574,충남대학교병원
21000,8001356,36.319855,127.41597,문화동하우스토리
22250,8002733,36.322647,127.41511,대전충남병무청
20550,8002000,36.323353,127.41864,성모병원
20610,8001139,36.32343,127.421,성모오거리
20700,8001376,36.322887,127.42433,대전고등학교
20770,8001462,36.32383,127.42715,대흥네거리
20820,8001386,36.325348,127.43182,대흥동우체국
14630,8007268,36.333817,127.437294,대전역동광장
10080,8002356,36.32597,127.435356,원동네거리
10100,8002481,36.322666,127.43716,인동네거리
10110,8002483,36.319744,127.43853,인동현대아파트
10170,8003014,36.316162,127.4399,효동네거리
10240,8001396,36.312378,127.441696,천석교
10250,8002688,36.311775,127.444786,천동
10270,8002690,36.310314,127.44869,천동주공아파트
10310,8001043,36.308,127.450775,가오동
10330,8001047,36.305336,127.45268,가오주공아파트
10350,8001046,36.30374,127.45431,남대전변전소
13590,8001465,36.298847,127.45835,은어송중학교입구
13620,8001094,36.296646,127.46,고산사입구
13640,8001361,36.29391,127.46147,대성동
13660,8002349,36.29111,127.462746,운전면허시험장
23650,8007328,36.268948,127.40439,목달동\/송곡가든
22910,8001845,36.26677,127.40827,산서초등학교
23660,8007329,36.26898,127.404816,목달동\/송곡가든
22310,8001852,36.306076,127.386856,산성동주민센터
22320,8001484,36.309193,127.38768,머티네거리
22300,8001851,36.30615,127.38653,산성동주민센터
22760,8002750,36.277416,127.39842,침산동입구
13670,8002350,36.290543,127.46308,운전면허시험장
13650,8001362,36.2941,127.461685,대성동
13630,8001095,36.2969,127.460045,고산사입구
13570,8001467,36.298443,127.45882,하늘채2차아파트
10410,8002832,36.301514,127.45673,은어송초등학교
10340,8001740,36.30386,127.45437,남대전변전소
10320,8001048,36.30562,127.452576,가오주공아파트
10300,8001044,36.308857,127.450066,가오동
10280,8002689,36.310764,127.448616,천동주공아파트
10260,8002687,36.311913,127.44532,천동
10230,8001397,36.312794,127.44151,천석교
10180,8003016,36.316948,127.43994,효동네거리
10130,8002484,36.31955,127.43894,인동현대아파트
10090,8002482,36.323513,127.437065,신인동주민센터
10060,8002358,36.328297,127.43441,중앙시장
20760,8001464,36.327034,127.42663,대흥동성당
74480,9005141,36.20623,127.39942,백암리종점
23020,8002199,36.212917,127.41247,어남동
23060,8002877,36.2182,127.41759,한국무예연수원
23040,8002198,36.20633,127.39925,증터
23000,8001481,36.2329,127.40775,도리뫼
22950,8001301,36.24613,127.40582,답적골
22940,8001300,36.246098,127.40576,답적골
22990,8001480,36.232895,127.40758,도리뫼
23030,8002197,36.22241,127.4165,증터
23050,8002876,36.21808,127.41757,한국무예연수원
23010,8002194,36.212986,127.41244,어남동
74480,8005141,36.20633,127.39925,백암리종점
74700,9003062,36.126415,127.34155,대둔산휴게소
3061,8003061,36.13191,127.35351,대둔산눈썰매장
3059,8003059,36.134796,127.35742,원묵산
74650,8003063,36.14204,127.36731,진산
74640,8005262,36.143883,127.37032,진산면사무소
74620,8005135,36.14722,127.37537,방축리
74580,8005067,36.151318,127.38246,교촌1리
74600,8005069,36.154858,127.39068,교촌리모랭이골
74560,8005062,36.159298,127.39735,곡남삼거리
74470,8005060,36.163036,127.39827,곡남리종점
74450,8005148,36.166523,127.39804,복수면사무소
74430,8005170,36.173374,127.39275,수영1리
74410,8005175,36.176956,127.39172,수영3리
74390,8005150,36.18044,127.38934,복수중학교
74360,8005173,36.182182,127.38497,수영2리
74220,8005140,36.18414,127.37839,백암리
74350,8005222,36.191128,127.383575,운곡마을
74330,8005074,36.19634,127.382515,구례3리
74280,8005071,36.201378,127.37913,구례1리
74310,8005072,36.203876,127.379585,구례2리
74260,8005186,36.208855,127.378654,신대초등학교
74200,8005179,36.212894,127.377144,신대1리
74160,8005184,36.224792,127.37589,신대3리
74150,8005182,36.228436,127.37576,신대2리
74060,8005178,36.234447,127.373314,신대
74040,8005201,36.238457,127.37207,압재
74020,8005256,36.24741,127.37054,지량1리
74100,8005118,36.25036,127.374886,둥구나무집
74080,8005258,36.257046,127.37408,지량리
74120,8005152,36.260216,127.37512,부대앞
74250,8005076,36.261295,127.37803,구만리
74180,8005274,36.26875,127.3764,한마음아파트
22730,8001918,36.27125,127.37905,샛고개
22710,8002174,36.273804,127.37732,안영동검바위마을
22660,8002937,36.28315,127.3761,한빛고교
22690,8002172,36.285152,127.37655,안영교
22470,8001280,36.28847,127.380196,농산물유통센터
22520,8002328,36.29328,127.383125,우남스타원아파트
22500,8002329,36.293163,127.38268,우남스타원아파트
22460,8001281,36.28877,127.380135,농산물유통센터
22680,8002171,36.28519,127.376335,안영교
22670,8002938,36.28324,127.375916,한빛고교
22700,8002173,36.27322,127.3772,안영동검바위마을
23520,8001917,36.271008,127.37875,샛고개
74170,8005273,36.26883,127.37624,한마음아파트
74230,8005077,36.261517,127.37794,구만리
74110,8005153,36.26016,127.37488,부대앞
74070,8005257,36.257095,127.37362,지량리
74090,8005117,36.250427,127.37468,둥구나무집
74010,8005255,36.247307,127.37037,지량1리
74030,8005200,36.238605,127.37178,압재
74050,8005199,36.234253,127.37331,압재
74130,8005181,36.22846,127.37557,신대2리
74140,8005183,36.224586,127.375725,신대3리
74190,8005180,36.212936,127.37693,신대1리
74240,8005185,36.209026,127.378456,신대초등학교
74300,8005073,36.203876,127.379395,구례2리
74270,8005070,36.201187,127.37898,구례1리
74320,8005075,36.19704,127.3819,구례3리
74340,8005223,36.191143,127.38338,운곡마을
74210,8005139,36.184025,127.37814,백암리
74370,8005172,36.182003,127.38519,수영2리
74380,8005151,36.180374,127.38924,복수중학교
74400,8005174,36.176964,127.391525,수영3리
74420,8005171,36.173527,127.39249,수영1리
74440,8005149,36.166695,127.397865,복수면사무소
74460,8005059,36.162807,127.39793,곡남리종점
74550,8005061,36.15947,127.39727,곡남삼거리
74590,8005068,36.154976,127.39063,교촌리모랭이골
74570,8005066,36.151424,127.38238,교촌1리
74610,8005134,36.14737,127.375244,방축리
74630,8005261,36.144054,127.37021,진산면사무소
74650,8005263,36.142117,127.36718,진산
74680,8003058,36.13495,127.35738,원묵산
74690,8003060,36.132042,127.35355,대둔산눈썰매장
74700,8003062,36.125813,127.3406,대둔산휴게소
none,9002017,36.315086,127.28281,성북동종점
40800,8002002,36.31458,127.28458,성북1통
40510,8001771,36.311855,127.2894,봉덕사입구
40550,8002009,36.306408,127.29155,성북2통마을회관앞
40570,8002007,36.303802,127.292625,성북2통동구나무
40590,8002013,36.298515,127.29572,성북3통굿개말길
40610,8002015,36.294697,127.299736,성북3통마을회관
41100,8001694,36.289066,127.30497,방동5통
41120,8001699,36.287792,127.30664,방동새운네
41150,8001701,36.284855,127.30879,방동저수지
40100,8001946,36.294,127.31839,서대전IC
40060,8002678,36.29632,127.31729,진잠중학교
40030,8002676,36.2988,127.316124,진잠동주민센터
40220,8001915,36.29973,127.322044,샘물타운아파트
33330,8001153,36.300285,127.326965,구봉마을5단지
33370,8002107,36.301147,127.329605,신선마을아파트
33470,8001118,36.30123,127.33591,관저네거리
33630,8001081,36.30292,127.34336,건양대병원네거리
33010,8001525,36.30348,127.346924,동방고등학교
33040,8001028,36.30469,127.35084,가수원육교.가수원시장
33000,8001526,36.303734,127.34588,동방고등학교
33560,8001083,36.30251,127.33986,건양대병원네거리
33480,8001115,36.30181,127.33658,관저지하차도
33440,8001116,36.30178,127.3347,관저네거리
46530,8001158,36.30164,127.32976,신선마을아파트
46520,8001584,36.300446,127.32626,롯데마트서대전점
40210,8001916,36.29987,127.32176,샘물타운아파트
40020,8002675,36.29878,127.31603,진잠동주민센터
40070,8002677,36.296177,127.31715,진잠중학교
40180,8001944,36.29332,127.32042,서대전IC
41140,8001702,36.285984,127.30782,방동저수지
41130,8001698,36.287865,127.306755,방동새운네
41110,8001693,36.28915,127.305,방동5통
40620,8002014,36.29464,127.29984,성북3통마을회관
40600,8002012,36.329853,127.29594,성북3통굿개말길
40580,8002006,36.303932,127.29271,성북2통동구나무
40560,8002008,36.30663,127.29164,성북2통마을회관앞
40520,8001770,36.31183,127.2895,봉덕사입구
46410,8007330,36.31466,127.28468,성북1통
40790,8002017,36.315147,127.28232,성북동종점
40640,9002022,36.31203,127.26826,세동종점
46000,8007099,36.31048,127.26928,쉼터공동체
40650,8001069,36.304768,127.27142,감골
40690,8002182,36.302788,127.27215,양새터골
40670,8001513,36.300896,127.271996,돌마루
40730,8001867,36.29509,127.27478,삼박골
40710,8002624,36.292896,127.27428,중세동
40740,8001170,36.28855,127.27451,구억들
40770,8002021,36.284878,127.276474,세동2통
40960,8001820,36.283054,127.27581,사봉
40940,8001687,36.27324,127.27411,방동1통
45980,8001557,36.26698,127.28032,계룡과선교
41020,8002176,36.26658,127.28544,알로에농장
41040,8001893,36.267532,127.29001,삿갓집
41060,8001690,36.271362,127.29121,방동3통
41070,8002213,36.2761,127.2935,엉고개
41080,8001691,36.279743,127.29987,방동4통
41170,8001697,36.2835,127.30988,방동대교
41160,8001700,36.284565,127.31031,방동저수지
41090,8001692,36.28068,127.30134,방동4통
41050,8002212,36.272034,127.29092,방동3통
41030,8001892,36.267147,127.288826,삿갓집
41010,8002177,36.266914,127.28483,알로에농장
40980,8001558,36.267704,127.27868,계룡과선교
40950,8001686,36.27322,127.274216,방동1통
40970,8001819,36.283073,127.2759,사봉
40780,8002020,36.284863,127.27657,세동2통
40760,8001171,36.2886,127.27452,구억들
40720,8002623,36.292877,127.274376,중세동
40750,8001866,36.29499,127.27488,삼박골
40680,8001512,36.30066,127.27212,돌마루
40700,8002181,36.30257,127.27227,양새터골
40660,8001068,36.304783,127.27152,감골
45990,8007098,36.31051,127.26934,쉼터공동체
40640,8002022,36.312447,127.26806,세동종점
40840,8002062,36.286747,127.25008,송정소징이
46330,8007248,36.288105,127.24904,안골입구
40820,8002936,36.290466,127.24789,한배미뜰
73740,8005572,36.294685,127.2444,용남고
73780,8005603,36.296318,127.24621,해군아파트
73690,8005537,36.299946,127.24152,신도안면사무소
73620,8005123,36.298843,127.23572,무궁화동산
73340,8005206,36.287827,127.245186,엄사리
40860,8002057,36.279118,127.256454,송정1통
40890,8002059,36.275784,127.262794,송정2통
40910,8001695,36.272053,127.269424,방동길
40920,8001688,36.27028,127.27362,방동1통
40930,8001689,36.270863,127.273254,방동1통
40900,8001696,36.273525,127.26868,방동길
40880,8002060,36.27609,127.26265,송정2통
40870,8002058,36.279873,127.25585,송정1통
77660,8007411,36.28801,127.24536,엄사리
73630,8005046,36.29976,127.23701,계룡대입구
73680,8005094,36.29974,127.24104,신도안면사무소
73720,8005188,36.297546,127.24485,신도안아파트
73710,8005219,36.29499,127.244774,용남고
40810,8005866,36.2904,127.2478,한배미뜰
46320,8007247,36.28805,127.24892,안골입구
40830,8005867,36.28663,127.25001,송정소징이
14320,9003122,36.24258,127.4548,상소룡골
14330,8002859,36.24285,127.46101,하소룡골
13870,8001864,36.244488,127.47372,소룡골입구
13890,8001111,36.252087,127.47752,공주마을
13910,8001471,36.254814,127.478065,삼괴동\/송촌마을
13930,8001472,36.25751,127.47894,삼괴동\/덕산마을
13810,8001144,36.27363,127.4734,구도동
13480,8002163,36.28701,127.455055,안대별
14660,8007358,36.28661,127.451355,온누리노인요양원
14290,8002470,36.28593,127.446236,이사동
13560,8002469,36.285973,127.44635,이사동
14670,8007359,36.28656,127.4514,온누리노인요양원
13470,8002164,36.286953,127.455055,안대별
10370,8002441,36.305416,127.45481,가오동네거리
14340,8007017,36.309853,127.45481,가오고등학교
10290,8001045,36.308155,127.44981,가오동
20920,8001243,36.30758,127.44639,석교치안센터
20870,8001248,36.31124,127.43911,남대전등기소
11420,8005621,36.332832,127.43778,대전역동광장종점
10030,8002635,36.329105,127.4336,중앙시장
10020,8001514,36.32629,127.43352,원동네거리
20810,8001385,36.325264,127.43059,대흥동우체국
20880,8001247,36.310787,127.43918,남대전등기소
20910,8001244,36.307796,127.44516,석교치안센터
14360,8007070,36.308586,127.45134,가오동
14350,8007018,36.309402,127.45509,가오고등학교
10360,8002440,36.30556,127.45464,가오동네거리
14300,8003085,36.286423,127.44833,이사동하사
13560,8002471,36.281803,127.443146,이사동상사
14310,8003086,36.286327,127.44833,이사동하사
13800,8001145,36.273685,127.47303,구도동
13920,8001470,36.258083,127.47912,삼괴동\/덕산마을
13900,8001865,36.254787,127.47794,삼괴동\/송촌마을
13880,8001110,36.252052,127.477356,공주마을
13860,8002034,36.244564,127.473595,소룡골입구
13830,8002858,36.242985,127.46106,하소룡골
14320,8003122,36.242847,127.45402,상소룡골
12960,9002665,36.41733,127.478874,직동종점
12940,8003028,36.40928,127.47357,효평삼거리
12920,8003031,36.406376,127.473434,효평초등학교
12900,8003025,36.39886,127.46813,효평동
14470,8007180,36.392548,127.475815,효평고개소공원
12870,8002360,36.38655,127.48071,원마산
12840,8001592,36.383434,127.47953,마산\/진등날
12620,8001594,36.37909,127.47784,마산B지구
12550,8002657,36.375797,127.475426,중추마을\/가래울
12590,8001521,36.373188,127.47516,동명초등학교
12520,8001448,36.37375,127.47215,대청호자연생태관
12510,8002714,36.373333,127.46844,중말
12540,8001449,36.373554,127.472115,대청호자연생태관
12570,8001519,36.37296,127.47547,동명초등학교
12600,8002715,36.370747,127.475746,추동취수장
12820,8002370,36.36071,127.48028,원주산.양지말
12800,8002588,36.356647,127.477974,주산동\/상촌
12780,8001222,36.353745,127.47743,금성마을
12640,8001805,36.348557,127.473434,비룡교차로
12700,8001807,36.34385,127.47778,비룡\/새동네
12710,8001809,36.338375,127.47777,비룡\/줄골
12670,8001545,36.33145,127.47566,대전동신과학고
10860,8001879,36.325794,127.47292,삼정동
10840,8001391,36.32133,127.471565,판암차량기지
10830,8002830,36.318832,127.468475,판암IC
10780,8002829,36.31825,127.46168,판암지구대
10760,8002824,36.31727,127.45966,판암역
10680,8002822,36.317104,127.455795,판암역네거리
10660,8002818,36.318115,127.45234,판암근린공원
10640,8002154,36.31929,127.44983,신흥역
10600,8002573,36.321133,127.44586,신흥마을아파트
10140,8002149,36.322468,127.44054,동부경찰서
12380,8002695,36.333744,127.43168,대전역\/하나은행
12320,8001872,36.337124,127.43016,삼성네거리
12340,8001090,36.33935,127.433395,계룡디지텍고입구
11990,8001993,36.340137,127.43617,성남네거리
12360,8001366,36.337444,127.438065,대성여자고등학교
11450,8002040,36.335583,127.43896,중앙동주민센터
11460,8002039,36.33516,127.43943,중앙동주민센터
12350,8001365,36.336994,127.43873,대성여자고등학교
12310,8001876,36.336464,127.43009,삼성초등학교
12370,8001420,36.33344,127.431404,대전역
10120,8002480,36.32178,127.43868,인동네거리
10150,8002148,36.32222,127.4407,동부경찰서
10610,8002571,36.32126,127.44515,신흥마을아파트후문
10630,8002153,36.31937,127.44914,신흥역
10650,8002817,36.317993,127.45208,판암근린공원
10670,8001670,36.31688,127.45562,미리내아파트
10740,8002823,36.316902,127.459305,판암역
10800,8002828,36.318077,127.461815,판암지구대
10850,8001390,36.32036,127.47139,판암차량기지
10870,8001880,36.325916,127.47342,삼정동
12690,8001810,36.332767,127.47758,비룡동입구
12730,8001808,36.338417,127.47788,비룡\/줄골
12720,8001806,36.343887,127.47788,비룡\/새동네
12650,8001804,36.34844,127.47345,비룡교차로
12790,8001221,36.353683,127.47752,금성마을
12810,8002587,36.356552,127.47802,주산동\/상촌
12830,8002369,36.360798,127.480354,원주산.양지말
12610,8002716,36.37068,127.475845,추동취수장
12580,8001518,36.373413,127.47543,동명초등학교
12560,8002656,36.375736,127.47551,중추마을\/가래울
12630,8001593,36.379017,127.47792,마산B지구
12850,8001591,36.383476,127.47977,마산\/진등날
12880,8002359,36.386433,127.48083,원마산
14460,8007179,36.392677,127.47584,효평고개소공원
12910,8003024,36.39875,127.468124,효평동
12930,8003030,36.40645,127.47357,효평초등학교
12950,8003026,36.40963,127.473976,효평삼거리
12960,8002665,36.417557,127.47906,직동종점
12860,8001265,36.415413,127.490814,냉천골종점
14570,8007242,36.40523,127.49171,양구례마을
12760,8002710,36.364174,127.47642,추동
10690,8002816,36.317326,127.45652,판암역네거리
10720,8002825,36.321194,127.45873,판암주공4단지
10770,8002625,36.32215,127.461494,판암테크노타운
11120,8002297,36.324547,127.46535,용운국제수영장
11160,8001761,36.3285,127.46663,복음아파트
11150,8001908,36.330875,127.46607,새울
14250,8007062,36.33303,127.463745,대전대학교
11100,8001384,36.33268,127.46375,대전대학교
11130,8001907,36.330776,127.46578,새울
11140,8001760,36.328133,127.46637,복음아파트
11110,8002298,36.324574,127.465164,용운국제수영장
10750,8002826,36.32224,127.45975,판암주공5단지
10700,8002819,36.319798,127.45705,판암2동주민센터
12770,8002709,36.36415,127.476585,추동
14560,8007243,36.405228,127.49181,양구례마을
12890,8002684,36.382065,127.4588,천개동종점
12490,8002713,36.37363,127.46779,상추
12510,8005885,36.37324,127.46844,중말
12510,8005886,36.373367,127.468475,중말
12500,8002712,36.373646,127.46792,상추
62380,8005131,36.388676,127.54718,방아실
62360,8005280,36.39124,127.54429,한저골
62320,8005212,36.38838,127.53821,와정.자괏
62350,8005091,36.38528,127.541084,금오골
62300,8005161,36.382114,127.538216,새거리
62270,8005283,36.374184,127.53456,항곡리종점
62420,8007194,36.36046,127.52687,남송타운
62400,8005622,36.357796,127.52602,비야리
62410,8006004,36.355186,127.52562,비야리
13200,8005864,36.353203,127.515945,안아감마을
14410,8007158,36.35206,127.49846,바깥아감
13080,8003010,36.348003,127.49565,세천삼거리
13040,8002031,36.342896,127.49262,세천치안센터
13010,8002030,36.340477,127.49192,세천동
12990,8002027,36.336132,127.48561,세천\/새동네
12740,8001004,36.33526,127.48288,가는골
11260,8002290,36.325996,127.44726,대동초등학교
10890,8002286,36.326893,127.45069,용방마을아파트
10940,8002287,36.327587,127.45379,용운종합사회복지관
11010,8001382,36.32798,127.459564,대전대학교입구
11040,8002299,36.326763,127.46156,용운초등학교
11060,8001617,36.32491,127.46194,용운도서관
11080,8001619,36.323086,127.46234,모리아파트
11070,8001618,36.32453,127.46225,용운도서관
11020,8002296,36.327988,127.46062,용운동주민센터
10960,8001381,36.32816,127.45802,대전대학교입구
10920,8002307,36.32833,127.453545,용운고층아파트
10900,8002289,36.327393,127.45037,용방마을아파트
11270,8001352,36.326202,127.44738,대동초등학교
11230,8001345,36.327457,127.44421,충남중네거리
11470,8002115,36.33159,127.440704,신안동
10010,8001421,36.329548,127.433304,대전역\/중앙시장
10050,8002634,36.32856,127.43393,중앙시장
12680,8001546,36.332317,127.47736,대전동신과학고
12750,8001003,36.335037,127.48285,가는골
13000,8002028,36.336124,127.48619,세천\/새동네
13020,8002029,36.34042,127.49213,세천동
13050,8001447,36.34334,127.49305,대청동주민센터
14580,8007266,36.3478,127.497986,세천공원삼거리
13110,8001673,36.35365,127.498795,바깥아감
13130,8002265,36.356995,127.49961,요골
13150,8001798,36.362183,127.50078,비금부락
13170,8002123,36.3657,127.503365,신절골
13190,8001174,36.36905,127.5073,구절골
13220,8002124,36.3722,127.5101,신촌동
14390,8007061,36.374973,127.513626,국제금식기도원
13240,8001613,36.38123,127.51561,모래재
13260,8001821,36.386387,127.51916,사성동
13280,8005132,36.390385,127.53226,방아실입구.와정리
62310,8005211,36.388306,127.53821,와정.자괏
62370,8005279,36.391155,127.544304,한저골
61210,9005041,36.444836,127.57989,회남종점
61230,8003084,36.444427,127.5749,남대문공원
61190,8005002,36.44357,127.57312,남대문리
61150,8005020,36.44039,127.56971,신곡리
61170,8005005,36.43753,127.570694,분저리
61130,8005016,36.43629,127.56694,송림가든
61120,8005024,36.433853,127.56476,양지공원
61090,8005022,36.433586,127.56114,양중지
61080,8005040,36.433533,127.5501,회남대교
61060,8005008,36.43124,127.54238,사음리
61030,8005026,36.430103,127.53902,어부동
61010,8005003,36.423023,127.53145,우무동리
13300,8002807,36.41692,127.53055,토망대.오동
13310,8002226,36.416,127.53332,오동
13330,8002593,36.415653,127.53734,주촌2구
13370,8002591,36.398964,127.53393,주촌1구
13350,8002595,36.397038,127.53184,주촌동
13270,8005133,36.390972,127.53103,방아실입구.와정리
13250,8001822,36.386627,127.51896,사성동
13230,8001614,36.38136,127.515526,모래재
14400,8007063,36.375027,127.513535,국제금식기도원
13210,8002125,36.372463,127.50995,신촌동
13180,8001175,36.36915,127.507225,구절골
13160,8002122,36.365868,127.50334,신절골
13140,8001799,36.362267,127.50065,비금부락
13120,8002266,36.3569,127.4994,요골
13100,8001674,36.353897,127.49857,바깥아감
13060,8002232,36.349285,127.48779,오리골
14240,8005959,36.332314,127.49234,세정골
14380,8007044,36.331093,127.48584,가는골입구
14430,8007160,36.330853,127.48133,세천공원
14420,8007159,36.33067,127.48131,세천공원
14370,8007043,36.330948,127.48601,가는골입구
13030,8005560,36.332264,127.49243,세정골
13360,8002594,36.3969,127.5319,주촌동
13380,8002590,36.398716,127.534134,주촌1구
13340,8002592,36.4156,127.53761,주촌2구
13320,8002225,36.416046,127.533936,오동
13290,8002806,36.417072,127.53016,토망대
61020,8005004,36.422997,127.53161,우무동리
61040,8005025,36.430008,127.53908,어부동
61050,8005007,36.4311,127.54208,사음리
61070,8005039,36.43339,127.550095,회남대교
61100,8005021,36.43349,127.56126,양중지
61110,8005023,36.433697,127.56468,양지공원
61140,8005015,36.436222,127.567055,송림가든
61180,8005006,36.43768,127.570915,분저리
61160,8005019,36.44034,127.56983,신곡리
61200,8005001,36.44332,127.57312,남대문리
61220,8003083,36.444252,127.57497,남대문공원
61210,8005041,36.44501,127.5803,회남종점
53210,8005631,36.475304,127.480415,대청댐(종점)
53200,8007009,36.471977,127.47523,금강로하스대청공원
52780,8001446,36.47066,127.47275,대청댐
52760,8002079,36.466755,127.46896,벌말
52740,8001671,36.4644,127.467064,숯골
52720,8003033,36.459976,127.46551,미호교
52640,8001967,36.449474,127.45641,삼정취수장
52520,8001752,36.448807,127.45228,보조댐
52990,8002136,36.4489,127.44465,금강로하스타워
52960,8002320,36.453068,127.4349,용정초등학교
52860,8002959,36.45167,127.43066,신탄진동행정복지센터
52110,8002138,36.441338,127.42454,신탄중앙중학교
52130,8001313,36.44327,127.42538,대덕구보건소
51690,8002929,36.445057,127.42437,한밭아파트
52070,8001424,36.44641,127.42238,대전이문고
51670,8001634,36.448463,127.41994,석봉네거리
51770,8002892,36.449715,127.41608,한국타이어후문
51810,8001310,36.446312,127.40633,대덕경찰서
51780,8002092,36.439625,127.39639,신구교
45570,8070002,36.435658,127.39034,한국가스기술공사
44820,8002049,36.43565,127.38718,송강전통시장
45220,8001147,36.446125,127.36868,구룡
45190,8001148,36.44728,127.36537,구룡2통
45180,8001151,36.450825,127.362656,구룡2통
45160,8001561,36.453835,127.36183,둔곡동
45140,8001563,36.457222,127.36216,둔곡동새마을회관
75430,8005096,36.462,127.34915,달전리
45130,8001564,36.45706,127.36208,둔곡동새마을회관
45150,8001562,36.453827,127.361725,둔곡동
45170,8001150,36.450726,127.36264,구룡2통
45200,8001149,36.447086,127.36545,구룡2통
45210,8001146,36.446056,127.36843,구룡
45600,8070003,36.438675,127.38112,송강중학교
44830,8002048,36.43543,127.38708,송강전통시장
45580,8070001,36.434776,127.38992,한국가스기술공사
51820,8002091,36.4389,127.39572,신구교
51930,8001309,36.446476,127.40726,대덕경찰서
51730,8002889,36.448162,127.41039,한국타이어
51760,8002891,36.449112,127.41707,한국타이어후문
52040,8001633,36.44826,127.41989,석봉네거리
52060,8001423,36.446476,127.422066,대전이문고
52090,8001475,36.445084,127.42397,덕암동
52120,8001314,36.44348,127.42536,대덕구보건소
52100,8002137,36.441025,127.42424,신탄중앙중학교
52840,8002130,36.45146,127.430374,신탄진동행정복지센터
52950,8002319,36.453426,127.43602,용정초등학교
53000,8002135,36.448532,127.44346,금강로하스타워
52530,8001751,36.448704,127.45232,보조댐
52650,8001966,36.44936,127.45637,삼정취수장
52730,8003034,36.458763,127.46551,미호교
52750,8001672,36.464924,127.46737,숯골
52770,8002078,36.46658,127.46892,벌말
53180,8005882,36.469967,127.47207,안골
53190,8007008,36.47248,127.47627,금강로하스대청공원
52510,9002498,36.395054,127.44257,장동2구
52450,8001837,36.39783,127.43836,산디마을삼거리
52400,8001905,36.402138,127.43759,새뜸마을
52470,8002503,36.407284,127.43889,장동지구산림욕장
53290,8007188,36.412624,127.44114,장동주민문화센터
53120,8005938,36.41528,127.44236,진골마을
52500,8005937,36.416847,127.4412,장동종점
52480,8002496,36.415203,127.44043,장동1구
52420,8002506,36.413628,127.43788,장동초등학교
50890,8002500,36.409557,127.43221,장동고개
53080,8005936,36.406788,127.42997,장동예비군훈련장
50870,8002501,36.40408,127.430374,장동약수터
53330,8007212,36.404247,127.42425,회덕과선교
50790,8002258,36.396065,127.42242,와동초등학교
50740,8002018,36.388927,127.421455,성우동산
50710,8001455,36.38353,127.42562,대한통운종점
51100,8002219,36.374374,127.42733,영진아파트
50680,8003012,36.376495,127.421074,회덕동주민센터
50700,8001454,36.380547,127.42457,대한통운
50770,8002566,36.38529,127.425316,정수장
53170,8003082,36.388077,127.422585,대덕구장애인복지관
50750,8002019,36.39015,127.42121,성우동산
50760,8002209,36.395412,127.422424,연축아파트
53320,8007211,36.404003,127.42436,회덕과선교
50880,8002180,36.404057,127.43051,장동약수터
53090,8005940,36.406696,127.43019,장동예비군훈련장
50900,8002499,36.40951,127.43237,장동고개
52410,8002505,36.413387,127.4376,장동초등학교
52490,8002497,36.415222,127.440605,장동1구
53100,8002502,36.41685,127.44136,장동종점
53110,8005939,36.415333,127.442276,진골마을
53280,8007187,36.412663,127.441055,장동주민문화센터
52460,8002504,36.406883,127.438705,장동지구산림욕장
52390,8001904,36.40234,127.43749,새뜸마을
52440,8001836,36.397762,127.438255,산디마을삼거리
52510,8002498,36.395206,127.44223,장동2구
75630,8007261,36.46936,127.280876,대평리종점
75160,8005083,36.471306,127.285995,금남초등학교
75210,8005197,36.473488,127.288086,신촌리
75230,8005285,36.476315,127.29657,호탄리
75260,8005093,36.47756,127.29869,금호중학교
75280,8005239,36.478756,127.30473,장재리2
75290,8005240,36.479973,127.312294,장재리1
75310,8005242,36.48086,127.31672,길재고개
75340,8005288,36.479687,127.32099,황룡1교
75380,8005290,36.480175,127.3302,황용삼성복지회관
75390,8005265,36.47949,127.335335,초정약수터
75410,8005097,36.478188,127.34401,대박리2
75450,8005125,36.47713,127.34926,대박리1
75470,8005236,36.477207,127.35461,박산리
75490,8005056,36.47506,127.36249,박산고개
46430,8007338,36.47403,127.38342,꽃묘생산단지
44880,8001341,36.47203,127.38795,대동금탄동입구
44930,8001212,36.4667,127.39037,금고동
44920,8001208,36.463764,127.390366,금고1통
44900,8001608,36.46047,127.388626,금고동매립장
44860,8001211,36.458996,127.3851,금고2통
45330,8005941,36.44077,127.38584,구즉동주민센터입구
51660,8002847,36.44931,127.420876,금강엑슬루타워
52900,8001969,36.448147,127.43448,석봉초등학교
52970,8001753,36.448154,127.438965,보훈병원종점
52870,8001968,36.44804,127.433075,석봉초등학교
51680,8002848,36.449562,127.42094,금강엑슬루타워
45340,8005942,36.440094,127.38679,구즉동주민센터입구
44870,8001210,36.4589,127.38522,금고2통
44910,8001607,36.460518,127.38882,금고동매립장
44940,8001209,36.46384,127.390465,금고1통
44950,8001213,36.466785,127.39056,금고동
44890,8001340,36.472107,127.38798,대동금탄동입구
46420,8007337,36.47412,127.38345,꽃묘생산단지
75480,8005057,36.47512,127.36253,박산고개
75460,8005237,36.4773,127.35442,박산리
75440,8005126,36.477154,127.34945,대박리1
75420,8005098,36.47827,127.34424,대박리2
75400,8005266,36.47934,127.335815,초정약수터
75370,8005289,36.480354,127.33055,황용삼성복지회관
75330,8005287,36.479786,127.321045,황룡1교
75320,8005243,36.48094,127.316826,길재고개
75300,8005241,36.480076,127.312416,장재리1
75270,8005238,36.47869,127.304436,장재리2
75250,8005092,36.477425,127.29795,금호중학교
75240,8005286,36.47634,127.29637,호탄리
75220,8005198,36.47375,127.288345,신촌리
75150,8005082,36.471943,127.28634,금남초등학교
034032,8005099,36.468452,127.28152,대평리
12350,9001365,36.33816,127.43793,대성여자고등학교
20300,8002330,36.32823,127.424324,중앙로역6번출구
21240,8002734,36.322998,127.41465,대전충남병무청
21200,8001931,36.32414,127.410805,서대전네거리역5번출구
21190,8001540,36.32639,127.40801,중도일보
21160,8002230,36.32997,127.40366,오룡역5번출구
30980,8002280,36.33757,127.394424,용문역8번출구
31160,8002279,36.339157,127.39248,용문역5번출구
31120,8001949,36.34239,127.38748,서부농협본점
31050,8001074,36.34336,127.38314,개나리아파트
32100,8001380,36.34627,127.37883,대전상공회의소
32030,8001091,36.349167,127.37617,큰마을네거리
31910,8001062,36.351414,127.37198,갈마육교
31770,8001056,36.353638,127.36852,갈마네거리
32760,8001426,36.354168,127.36174,대전일보사
32730,8002382,36.352882,127.356155,월평삼거리
32690,8001388,36.35109,127.352036,도시철도공사앞
41380,8003032,36.352818,127.345505,만년교
42590,8002722,36.36265,127.34368,충남대학교
42070,8001282,36.365448,127.33573,궁동네거리
41990,8002597,36.36686,127.33159,죽동네거리
42260,8001269,36.367016,127.321205,노은농수산물시장
42250,8002375,36.368183,127.31802,월드컵경기장역
42360,8001273,36.374744,127.31808,노은역
42410,8002211,36.375854,127.31961,열매마을5.6단지
42490,8002407,36.3777,127.32473,유성경찰서
42450,8002415,36.38118,127.32298,유성장애인복지관
42430,8002660,36.384914,127.32023,지족역
43990,8002056,36.388515,127.31768,송림마을아파트
43980,8001680,36.391468,127.315445,반석역
43940,8002187,36.39504,127.31281,반석마을입구
43840,8002264,36.399406,127.310295,외삼삼거리
43820,8001188,36.406033,127.30316,국방과학연구소
43800,8070047,36.410618,127.29953,안산1통
46040,8070035,36.41305,127.298,안산산성
43790,8002170,36.414677,127.29849,안산동
43760,8002169,36.412586,127.297745,안산산성
46030,8070036,36.410435,127.29958,안산1통
43810,8001186,36.406063,127.303024,국방과학연구소
43830,8002260,36.39848,127.31013,외삼1통
43920,8002189,36.39532,127.312035,반석마을입구
43970,8001681,36.39162,127.31477,반석역
42380,8001206,36.38691,127.31832,반석네거리
42420,8002662,36.38473,127.32008,지족역
42460,8002659,36.380142,127.32302,지족동
42480,8002406,36.37679,127.324265,유성경찰서
42400,8002210,36.376034,127.31962,열매마을5.6단지
42330,8001272,36.374153,127.31789,노은역
42220,8002376,36.368855,127.31782,월드컵경기장역
42270,8001268,36.366753,127.32178,노은농수산물시장
42000,8002596,36.366497,127.33165,죽동네거리
45280,8005928,36.365158,127.33516,온천2동주민센터
41340,8002960,36.356445,127.342064,한진오피스텔
41370,8001596,36.351994,127.34679,만년교
32720,8001389,36.351173,127.35482,도시철도공사앞
32750,8001425,36.353622,127.36067,대전일보사
31750,8001054,36.353497,127.36766,갈마네거리
31900,8001063,36.35126,127.37132,갈마육교
31970,8002757,36.347553,127.37715,큰마을아파트
31020,8002425,36.34354,127.380974,유승기업사
31420,8002758,36.342167,127.38628,탄방네거리
31450,8001587,36.340076,127.39074,롯데백화점
30970,8002278,36.337082,127.39442,용문동행정복지센터
21330,8002229,36.329075,127.404076,오룡역4번출구
21370,8002227,36.32742,127.40632,오룡역1번출구
21400,8001928,36.324894,127.40922,서대전네거리역4번출구
20600,8002603,36.325672,127.42092,중구청
20680,8002628,36.32785,127.424065,중앙로역4번출구
12460,8001413,36.33046,127.43109,대전역
11380,8002155,36.328053,127.439354,이스트시티아파트
11170,8005881,36.328903,127.44187,대동역2번출구
11210,8001349,36.330276,127.44372,대동역7번출구
11240,8002344,36.333042,127.4454,우송정보대학
11300,8002340,36.336018,127.44719,우송대삼거리
11340,8002343,36.339977,127.449,우송어학센터
11590,8001443,36.342636,127.44802,대주파크빌
11550,8001036,36.34641,127.445335,가양네거리
11530,8002898,36.348614,127.443924,가양도서관
11870,8001534,36.35043,127.43968,동부네거리
11760,8002311,36.350033,127.43247,용전네거리
11780,8002317,36.35209,127.43263,대전지방국토관리청
11790,8002312,36.35501,127.43293,용전초등학교입구
51420,8002608,36.35928,127.43041,중리네거리
51320,8002658,36.359108,127.4249,증산도교육문화회관
51260,8002617,36.35898,127.42109,중리지구대
50100,8002100,36.358517,127.412415,신동아아파트
50030,8002236,36.35765,127.407646,오정농수산물시장
32660,8002075,36.357666,127.39748,수정타운아파트
32510,8001574,36.357735,127.39124,둥지아파트
32270,8002558,36.35786,127.38209,정부청사역
32870,8005518,36.357872,127.37232,갈마역
34800,8005999,36.35818,127.36621,진달래아파트
32770,8002378,36.35873,127.362434,월평역
45290,8005921,36.359795,127.35468,유림공원
42680,8001296,36.36134,127.34719,다솔아파트
42620,8002720,36.36136,127.34468,충남대학교
41390,8002984,36.359398,127.3545,홈플러스유성점
32740,8002377,36.358498,127.36105,월평역
34810,8006001,36.35771,127.36718,월평중학교
31920,8005517,36.357513,127.37318,갈마역
32210,8002559,36.357445,127.38066,정부청사역
32600,8001912,36.357403,127.39334,샘머리공원
32650,8001005,36.357365,127.39595,가람아파트
50040,8002235,36.357296,127.40785,오정농수산물시장
50110,8003006,36.358124,127.4125,화정초등학교
51280,8002618,36.358597,127.42116,중리지구대
53130,8005960,36.358627,127.42306,한남대북문
51370,8002906,36.35877,127.42624,한남병원
51430,8002607,36.35885,127.43031,중리네거리
11750,8002315,36.358025,127.432495,용전동주민센터
11770,8002313,36.3551,127.432434,용전초등학교입구
11740,8002316,36.35224,127.4322,대전지방국토관리청
11730,8002310,36.349922,127.43196,용전네거리
11490,8001533,36.350216,127.44048,동부네거리
11520,8002899,36.348995,127.443214,가양도서관
11540,8001035,36.34653,127.44476,가양네거리
11560,8001037,36.34434,127.44647,흥룡초등학교
11320,8002485,36.340576,127.448616,자양동
11310,8002339,36.337543,127.44773,우송대학교서캠퍼스
11290,8002345,36.334442,127.44584,우송정보대학
11280,8002488,36.331272,127.4439,자양초등학교
50960,9001553,36.3656,127.439545,동춘당
50980,8001982,36.36815,127.43995,선비마을3단지
51060,8001983,36.366474,127.44497,선비마을4단지
51050,8002063,36.361942,127.44476,송촌고등학교
51600,8001500,36.35832,127.45012,금성백조아파트
51620,8001033,36.357056,127.453514,가양비래공원
11690,8001612,36.354073,127.45417,명석고등학교
11640,8002893,36.350567,127.45212,한국폴리텍대학
11610,8001400,36.348354,127.450874,대전보건대학
11570,8001040,36.346153,127.44707,가양지구대
21300,8002228,36.328373,127.40386,오룡역3번출구
21550,8002778,36.326595,127.39745,태평1동주민센터
21460,8002793,36.32655,127.39286,태평오거리
31540,8001049,36.32877,127.38773,가장교
31500,8001051,36.330746,127.38533,가장네거리
31710,8002913,36.332573,127.38315,한민시장
31360,8001132,36.33615,127.37896,괴정네거리
31350,8003043,36.33853,127.376175,KT인재개발원
31890,8002846,36.34273,127.37121,푸른아파트
31870,8001952,36.34671,127.369545,둔산소방서
31850,8001710,36.34954,127.36939,동산아파트입구
41300,8002408,36.353306,127.340996,유성온천역3번출구
41540,8001219,36.353107,127.32979,정보통신공사협회
41570,8001169,36.355785,127.33119,구암역
41560,8001168,36.356045,127.33098,구암역
45750,8003055,36.354294,127.33031,정보통신공사협회
41280,8001772,36.351986,127.34103,유성온천역2번출구
31800,8001053,36.353092,127.36841,갈마네거리
31830,8001058,36.350174,127.369064,갈마삼거리
31840,8002917,36.34675,127.36926,한밭고.갈마중입구
31880,8001059,36.342495,127.37112,갈마아파트3단지
31340,8003044,36.33873,127.375435,KT인재개발원
31670,8001133,36.335934,127.37874,괴정네거리
31700,8002914,36.33224,127.38308,한민시장
31480,8001052,36.330547,127.38509,가장네거리
31530,8001050,36.32862,127.38746,가장교
21470,8002790,36.326183,127.39304,태평오거리
21580,8002779,36.326122,127.3967,태평1동주민센터
21290,8001541,36.328133,127.4042,오룡역2번출구
21390,8002748,36.326077,127.40774,중도일보
20040,8002627,36.328835,127.42672,중앙로역1번출구
12470,8001414,36.330814,127.431946,대전역
11580,8001034,36.34603,127.44739,가양네거리
11630,8001401,36.34831,127.45116,대전보건대학
11650,8002894,36.350624,127.45245,한국폴리텍대학
51630,8001611,36.353424,127.45411,명석고등학교
51640,8001032,36.356636,127.45445,가양비래공원
51610,8001499,36.358387,127.4505,금성백조아파트
51040,8002064,36.362057,127.444984,송촌고등학교
50960,8001553,36.365147,127.44015,동춘당
31080,8005594,36.34534,127.38504,탄방역종점
31060,8005593,36.34527,127.38429,탄방역1번출구
31030,8001075,36.34592,127.38198,국민연금대전지사
31130,8005558,36.347412,127.38672,샤크존
32310,8002087,36.351395,127.3835,시청.교육청
32190,8002159,36.351406,127.38061,아이빌딩
32040,8001077,36.351944,127.376976,갤러리아타임월드
31990,8001569,36.353165,127.37445,둔산여자고등학교
32000,8002967,36.355083,127.374435,향촌아파트
32900,8001651,36.359123,127.37447,무지개아파트
32910,8001999,36.361675,127.37444,성룡초등학교
32950,8001713,36.362103,127.37713,백합네거리
32180,8002557,36.36371,127.379654,정부대전청사서문
34720,8001923,36.368565,127.3797,서구보건소
42160,8002495,36.361195,127.33887,장대초등학교
42150,8002494,36.360867,127.33898,장대중학교
43190,8001183,36.374428,127.379036,국립중앙과학관
34710,8001922,36.36827,127.37935,서구보건소
32140,8001649,36.36315,127.379234,무궁화아파트
32920,8002952,36.36235,127.375786,한아름아파트
32890,8001998,36.361343,127.37414,성룡초등학교
32880,8001288,36.35917,127.374146,누리아파트후문
31940,8001061,36.356583,127.37412,갈마역
31930,8001570,36.353825,127.37399,둔산여자고등학교
32050,8001076,36.351604,127.376976,갤러리아타임월드
32220,8002851,36.351147,127.38076,SK브로드밴드
32350,8001378,36.351112,127.38486,대전광역시청
31110,8005559,36.3481,127.38637,샤크존
31090,8005865,36.34685,127.38568,탄방역.대전고용센터
32260,8001275,36.346066,127.38176,녹원아파트
51560,9001891,36.35409,127.44871,삼호아파트
11620,8002843,36.354103,127.450836,평화아파트
12150,8002157,36.34771,127.42996,아리랑프라자
12110,8001085,36.351215,127.42663,한남로삼거리
50360,8001406,36.351105,127.42419,대전신학대학교
50350,8002905,36.351494,127.42255,한남대학교
50230,8002240,36.349167,127.416954,한남오거리
53420,8007275,36.349724,127.4144,한남오거리(BRT)
53440,8007277,36.351765,127.41176,오정동행정복지센터
53460,8007279,36.355083,127.40762,오정농수산오거리
32620,8002935,36.35467,127.39488,한밭초등학교
32610,8002763,36.350273,127.39484,탄방중학교
31190,8001109,36.348274,127.39498,공작아파트
31180,8002870,36.346794,127.39303,한가람아파트
31150,8002954,36.346817,127.388466,한우리아파트
31100,8002760,36.346523,127.38569,탄방역.대전고용센터
31140,8002953,36.346508,127.38798,한우리아파트
31170,8002869,36.34653,127.39244,한가람아파트
31210,8002759,36.347897,127.39532,탄방동주민센터
31280,8001655,36.35043,127.39529,문정초등학교
31290,8002338,36.354168,127.39531,국화아파트
53470,8007280,36.355618,127.406456,오정농수산오거리
53450,8007278,36.352303,127.41063,오정동행정복지센터
53430,8007276,36.35016,127.4133,한남오거리(BRT)
50240,8002241,36.34927,127.41724,한남오거리
50340,8002904,36.351395,127.42234,한남대학교
53340,8001407,36.35104,127.42474,대전신학대학교
12120,8001086,36.35128,127.427414,한남로삼거리
12130,8002158,36.34827,127.429344,아리랑프라자
12140,8002993,36.345703,127.42945,홍도육교
11930,8002994,36.34547,127.429794,홍도육교
51540,8002101,36.35749,127.446815,만남웨딩홀
51560,8001891,36.354397,127.44783,삼호아파트
51590,9001803,36.360332,127.44997,비래동종점
51570,8001802,36.35983,127.44932,비래동
14690,8007372,36.34656,127.42596,홍도치안센터
14710,8007370,36.345478,127.42163,동산지하차도
12190,8002971,36.340084,127.420074,현암교
20510,8002636,36.339115,127.413025,중앙중고등학교
20470,8002649,36.34149,127.410034,중촌초등학교
31270,8001249,36.345898,127.40215,남선공원네거리
31310,8002703,36.351364,127.3983,청솔아파트
32590,8002756,36.3514,127.393265,크로바아파트
32390,8002969,36.351406,127.38816,시청역
32840,8003008,36.35995,127.370865,황실타운아파트
32790,8002850,36.35995,127.36659,하나로아파트
41260,8001773,36.35236,127.34094,유성온천역3번출구
33230,9001641,36.32971,127.338104,목원대학교
45700,8070027,36.351593,127.34072,유성온천역2번출구
35300,8007325,36.3585,127.36101,월평역
32780,8002538,36.35971,127.3657,전원아파트
32860,8001287,36.35968,127.371956,누리아파트
32410,8002088,36.351147,127.38868,시청역
32530,8001629,36.35112,127.39166,목련아파트
31300,8002702,36.351105,127.397194,청솔아파트
31330,8001743,36.350384,127.401505,보라삼거리
31260,8001250,36.347336,127.401566,남선공원네거리
20480,8002650,36.341076,127.410065,중촌초등학교
20520,8002648,36.338676,127.41313,중촌동주민센터
12210,8002970,36.33962,127.42015,현암교
14720,8007369,36.34561,127.422134,동산지하차도
14700,8007371,36.34646,127.42565,홍도치안센터
51580,8001801,36.35965,127.44942,비래동
51590,8001803,36.360645,127.450066,비래동종점
71010,8005104,36.359028,127.23914,동학사
71030,8005105,36.360004,127.24428,동학사입구
71040,8005271,36.360218,127.249,학봉리
71060,8005270,36.361843,127.252335,학봉삼거리
71090,8005128,36.37059,127.26085,박정자삼거리
71100,8005154,36.366375,127.266624,사봉
42170,8001071,36.36042,127.28859,갑동
42200,8002420,36.359997,127.294426,유성컨트리클럽
41720,8001184,36.36036,127.30081,국립현충원
41270,8002409,36.354187,127.33979,유성온천역4번출구
21260,8001542,36.32992,127.40308,오룡역4번출구
21180,8002231,36.328983,127.40702,오룡역7번출구
20380,8002726,36.33083,127.409966,충남여자중고등학교
20400,8002942,36.33327,127.412125,한사랑아파트
20090,8002642,36.335857,127.41527,중촌네거리
20140,8001990,36.33509,127.41763,선화동천주교회
20250,8001408,36.33234,127.421036,대전여상
20280,8002632,36.33021,127.423676,중앙로역7번출구
14230,8001415,36.331043,127.431854,대전역네거리
20030,8002630,36.329052,127.426544,중앙로역9번출구
20010,8002633,36.329792,127.42464,중앙로역8번출구
20230,8001409,36.332947,127.42078,대전여상
20130,8001991,36.335632,127.41735,선화동천주교회
20530,8002641,36.33596,127.41483,중촌네거리
20410,8001624,36.33376,127.412186,목동네거리
20370,8001359,36.33136,127.4099,대성중고등학교
21170,8001543,36.329334,127.40689,오룡역6번출구
41700,8001185,36.360554,127.29998,국립현충원
42190,8002421,36.360203,127.29419,유성컨트리클럽
42180,8001070,36.3606,127.288795,갑동
71110,8005155,36.36705,127.26655,사봉
71080,8005127,36.37036,127.2599,박정자삼거리
71070,8005272,36.36224,127.25252,학봉삼거리
71050,8005269,36.360397,127.24934,학봉리
71020,8005106,36.36007,127.24383,동학사입구
13820,9005538,36.268322,127.47823,낭월공영차고지
13600,8001364,36.296295,127.45936,대성삼거리
20960,8002456,36.301216,127.45273,은혜아파트
21110,8001790,36.31336,127.4338,부사오거리
21070,8002697,36.31358,127.43115,청란여자고등학교
21060,8001246,36.314304,127.42817,남대전고등학교
20740,8001747,36.318096,127.42572,보문오거리
20710,8001428,36.320004,127.42453,대전중학교
20650,8002887,36.323544,127.42291,대고오거리
20630,8002602,36.325085,127.422386,중구청
20220,8002730,36.328785,127.420654,대전보호관찰소
20200,8001404,36.33077,127.41955,대전세무서
31320,8001251,36.349113,127.399124,남선공원종합체육관
32580,8002717,36.34909,127.39294,충남고등학교
32470,8001628,36.349995,127.390335,목련아파트
32480,8001723,36.354385,127.39033,법원.검찰청
32490,8001575,36.35865,127.39042,사학연금회관
32240,8002553,36.35989,127.381134,정부대전청사남문
32960,8001988,36.359932,127.378815,선사유적지
32940,8001919,36.35993,127.37617,샛별아파트
42640,8005590,36.365326,127.34542,충남대산학연
42670,8005588,36.369488,127.3466,충남대도서관
42660,8005587,36.368805,127.34573,충남대도서관
42630,8005589,36.365246,127.34518,충남대산학연
42650,8002725,36.36136,127.34603,충남대학교입구
32930,8001652,36.359646,127.37604,무지개아파트
32200,8002554,36.359634,127.38035,정부대전청사남문
32450,8001831,36.359146,127.39,사학연금회관
32440,8001724,36.35506,127.39003,법원.검찰청
34760,8005918,36.35047,127.39006,목련아파트
32540,8002871,36.348835,127.392265,한가람아파트
31240,8001252,36.348804,127.398315,남선공원종합체육관
20180,8001405,36.330887,127.419235,대전세무서
20210,8002729,36.328552,127.42043,대전보호관찰소
20640,8002888,36.324142,127.422386,대고오거리
20690,8001429,36.319958,127.424225,대전중학교
20730,8001748,36.318447,127.42512,보문오거리
21040,8001245,36.313843,127.42812,남대전고등학교
21080,8002696,36.313366,127.43096,청란여자고등학교
20950,8002457,36.301357,127.452156,은혜아파트
20970,8002255,36.29899,127.4542,옥계동
20990,8002253,36.297256,127.4557,옥계교
13610,8001363,36.29606,127.459595,대성삼거리
46550,9003074,36.336353,127.30229,학하동종점
45960,8007065,36.339478,127.30446,별밭공원
45790,8003070,36.343475,127.30336,미학아파트
45830,8070046,36.346256,127.30138,덕명중학교
45770,8003068,36.348747,127.29757,수통골입구
31820,8001065,36.35462,127.36907,갈마초등학교
31720,8001604,36.330456,127.38305,맑은아침아파트
30320,8001735,36.32819,127.38071,변동오거리
30270,8001730,36.325027,127.37867,변동네거리
30250,8002965,36.322834,127.37798,향우네거리
30660,8001276,36.319977,127.377594,구농도원
30680,8001279,36.317562,127.37806,구농도원네거리
30700,8001494,36.31471,127.37914,도마1동행정복지센터
30710,8001491,36.315395,127.3792,도마1동행정복지센터
30690,8001278,36.31752,127.37843,구농도원네거리
30670,8001277,36.32091,127.37799,구농도원
30260,8002966,36.32258,127.37825,향우네거리
30290,8001731,36.326344,127.37991,변동네거리
31460,8001736,36.329113,127.38209,변동오거리
31860,8001064,36.35438,127.36934,갈마초등학교
45760,8003069,36.348526,127.29774,수통골입구
45820,8070045,36.346085,127.30125,덕명중학교
45780,8003071,36.343285,127.30327,미학아파트
46550,8003074,36.336056,127.30122,학하동
45930,8007019,36.37771,127.30402,노은휴먼시아4단지
46230,8007168,36.37908,127.30605,새미래중학교
46300,8007209,36.381172,127.306114,트리풀시티포레1단지
46210,8007166,36.385616,127.30856,계룡리슈빌아파트
46190,8007164,36.38605,127.304214,해랑숲마을5단지
46170,8007162,36.387886,127.30326,꿈에그린아파트
43870,8001189,36.38969,127.30335,군수사령부
43890,8001675,36.390297,127.30673,반석2통
45240,8005907,36.390675,127.31187,반석마을5단지
42300,8005553,36.3887,127.312546,반석고등학교
45970,8007066,36.38698,127.317856,반석네거리
46090,8007103,36.380974,127.3235,유성구청소년수련관
42510,8005575,36.3808,127.32702,유성여고
45740,8070026,36.34848,127.34223,봉명초등학교
45720,8070024,36.34843,127.346176,봉명중학교
45470,8005996,36.342503,127.34701,신안인스빌
41910,8002364,36.338203,127.34907,원신흥동
46540,8001644,36.33171,127.347984,목원대학교입구
34890,8070017,36.326283,127.3479,도안동
33280,8070018,36.319622,127.34785,수목토아파트
33050,8001025,36.31296,127.34992,도안베르디움
33100,8001014,36.30765,127.35207,가수원파출소
33620,8001082,36.302948,127.34154,건양대병원네거리
32990,8001079,36.30686,127.34085,건양대병원
33540,8002365,36.307995,127.33909,원앙1
33490,8001371,36.30701,127.3369,대자연아파트
33510,8005647,36.304543,127.33837,원앙4단지
33590,8001080,36.30139,127.340614,건양대병원네거리
33580,8001290,36.298435,127.34067,느리울12단지
33570,8001292,36.2969,127.33983,느리울13단지
34980,8007046,36.29634,127.336624,선암초교네거리
33400,8001155,36.296463,127.33124,구봉마을8단지
33350,8001217,36.296825,127.327324,금동초등학교
40230,8001914,36.298462,127.32314,샘물타운아파트
40200,8002681,36.295673,127.32133,진잠타운아파트
46340,8007263,36.292538,127.31854,원내동공영차고지
40080,8002355,36.29267,127.31838,원내동공영차고지
35540,8001960,36.293896,127.3211,서일고등학교
33300,8001218,36.298157,127.324295,진잠네거리
33340,8001152,36.29667,127.32709,구봉마을7단지
33410,8001157,36.296196,127.33163,구봉마을9단지
34970,8007045,36.29616,127.335754,선암초교네거리
33550,8001291,36.296593,127.33983,느리울13단지
33610,8001289,36.298183,127.34087,느리울12단지
33520,8001372,36.304714,127.33844,대자연아파트
33500,8001369,36.306873,127.337105,대자연마을
33530,8001373,36.307808,127.339066,대자연아파트후문
33600,8001117,36.30539,127.340645,관저중학교
34870,8001013,36.30679,127.352745,가수원파출소
33060,8001024,36.3121,127.35047,린풀하우스
33290,8070011,36.31862,127.34813,수목토아파트
34880,8070012,36.32515,127.34816,도안동
34900,8001643,36.330814,127.348114,목원대학교입구
41920,8002363,36.337315,127.349686,원신흥동
45480,8005997,36.341732,127.34757,신안인스빌
45640,8070013,36.34709,127.3479,예미지7단지
45710,8070023,36.3487,127.34563,봉명중학교
45730,8070025,36.348778,127.34232,봉명초등학교
42520,8005576,36.38088,127.32706,유성여고
42320,8005902,36.38708,127.31569,반석마을3단지
42310,8005554,36.38806,127.31297,반석고등학교
45250,8005857,36.390633,127.31225,반석초등학교
43880,8001676,36.39085,127.308556,반석2통
43860,8001190,36.38994,127.30378,군수사령부
46160,8007161,36.388344,127.303,꿈에그린아파트
46180,8007163,36.385986,127.30446,해랑숲마을5단지
46200,8007165,36.38638,127.308395,해랑숲마을6단지
46290,8007208,36.382023,127.305916,에코힐7단지
46220,8007167,36.379047,127.30589,새미래중학교
45940,8007020,36.375675,127.3055,노은3지구종점
22650,8001393,36.290104,127.39497,오월드
30780,8001483,36.311592,127.3839,도마교
30740,8001487,36.312496,127.38171,도마네거리
34930,8003053,36.305485,127.35399,가수원네거리
46510,8007177,36.332397,127.34698,대전에너지사업단
41900,8002184,36.332397,127.34395,어울림하트 12단지
41820,8003102,36.332363,127.339554,목원대네거리
33250,8003101,36.332047,127.33942,목원대네거리
35550,8002183,36.331974,127.34375,도안동예미지아파트
33260,8007178,36.33193,127.34683,대전에너지사업단
30720,8001488,36.312645,127.38083,도마네거리
30790,8001482,36.31159,127.383316,도마교
23380,8007031,36.290073,127.39557,오월드
23390,8007041,36.29263,127.39815,윗사정삼거리
22740,8007157,36.292747,127.39949,오월드기점지
23400,8007040,36.292786,127.398,윗사정삼거리
32820,9002381,36.36212,127.371826,월평주공아파트
32970,8001568,36.35903,127.37924,통계센터
32130,8002468,36.355156,127.37921,이마트
32120,8001078,36.352715,127.37907,갤러리아타임월드
32060,8002452,36.350246,127.37747,은하수네거리
43600,8002849,36.385853,127.32131,하기중학교
43620,8002054,36.389378,127.323364,송림마을4단지
43640,8005619,36.391033,127.32984,송림마을5.6단지
43630,8005860,36.39114,127.330894,송림마을5.6단지
43610,8002053,36.389603,127.32316,송림마을3단지
43590,8002052,36.38645,127.32135,송림마을2단지
43950,8001677,36.392006,127.31381,반석역3번출구
43910,8005570,36.39425,127.31106,외삼중학교
43900,8005571,36.39399,127.310844,외삼중학교
43930,8005906,36.39158,127.31258,반석마을5단지
32080,8002453,36.350414,127.37804,은하수네거리
32150,8002814,36.35306,127.37952,파랑새네거리
32820,8002381,36.362118,127.36937,월평주공아파트
20830,8001387,36.320675,127.43471,문창동보문교
21050,8002932,36.3183,127.42844,한화생명이글스파크
23260,8005998,36.31739,127.42518,보문오거리
20670,8002800,36.318043,127.42364,테미고개
20540,8002798,36.31835,127.4186,테미삼거리
21410,8001929,36.322006,127.41049,서대전네거리역3번출구
21380,8001935,36.321033,127.406906,서대전역네거리
21820,8002433,36.318836,127.39835,유천동현대아파트
21750,8002432,36.317898,127.39474,유천동서대전농협
21420,8001715,36.316006,127.38748,버드내아파트
30300,8001262,36.32969,127.3799,내동초등학교
31650,8001259,36.331738,127.376144,내동네거리
31630,8001962,36.33314,127.37368,서중학교입구
31590,8002754,36.33432,127.37108,코오롱아파트
31570,8001589,36.33768,127.36674,롯데아파트
31740,8001060,36.342323,127.367165,갈마아파트2단지
34820,8005909,36.344276,127.36867,한마음동산
31810,8001903,36.34651,127.36858,상수도사업본부
31790,8001205,36.34949,127.368454,갈마중학교입구
42290,8005905,36.369205,127.327194,노은동화훼단지
42500,8005904,36.375744,127.32528,유성선병원
42280,8005903,36.370007,127.326904,노은동화훼단지
31760,8001204,36.349384,127.36812,갈마중학교입구
31780,8001902,36.34579,127.368286,상수도사업본부
31730,8001057,36.34145,127.366425,갈마도서관
31560,8001588,36.33752,127.36649,대전외국어고
31580,8002753,36.334286,127.36974,서우아파트1단지
31610,8001959,36.33334,127.3726,서우아파트2단지
31640,8001784,36.3323,127.374756,봉산중학교
30280,8001263,36.32981,127.37877,내동초등학교
21720,8001948,36.317017,127.39268,버드내네거리
21770,8002434,36.31803,127.396645,유천시장
21840,8001940,36.31901,127.40053,서대전육교
22040,8001934,36.320564,127.40643,서대전역네거리
22150,8001927,36.321434,127.40959,서대전네거리역2번출구
20560,8002803,36.318108,127.419106,테미삼거리
21020,8002799,36.31779,127.42312,테미고개
21030,8001746,36.317078,127.42507,보문오거리
20840,8001791,36.313385,127.43591,부사오거리
20860,8001659,36.314327,127.43837,문창시장
43420,9001318,36.389236,127.362495,대덕대학
43410,8003045,36.38482,127.36225,LG생활건강기술연구원
43060,8002900,36.385452,127.358475,한국화학연구원
43030,8002963,36.385365,127.35298,한화케미칼중앙연구소
43000,8002955,36.38478,127.349106,하나아파트
45440,8005979,36.38476,127.33997,하기동
45530,8006002,36.38236,127.3191,노은도서관
42350,8002663,36.379505,127.31779,지족초등학교
42210,8001270,36.36471,127.31764,노은농수산시장
43240,8002206,36.374226,127.38205,엑스포아트홀
43270,8002204,36.374107,127.38883,무역전시관
43320,8003047,36.37459,127.39484,MBC\/TJB방송국
45900,8003110,36.377293,127.40477,원촌동솔로몬로파크
44280,8002374,36.381145,127.40661,원촌삼거리
46110,8007102,36.384983,127.405334,싸이언스빌3가
44300,8002766,36.408726,127.39605,탑립1통
44310,8002769,36.40954,127.398476,탑립1통산의절
44330,8002765,36.410465,127.404175,탑립동
44320,8002768,36.409706,127.39842,탑립1통산의절
44190,8002025,36.399532,127.40378,세종아파트
44050,8001656,36.38891,127.40484,문지삼거리
46100,8007101,36.384968,127.405106,싸이언스빌3가
44270,8002373,36.381096,127.40632,원촌삼거리
44260,8002047,36.37677,127.403275,원촌동솔로몬로파크
43330,8003048,36.374832,127.395134,MBC\/TJB방송국
43280,8005901,36.374454,127.39227,대전컨벤션센터
43260,8001650,36.374237,127.38782,무역전시관
43250,8002205,36.374287,127.38318,엑스포아트홀
42240,8001271,36.364563,127.317955,노은농수산시장
42370,8002664,36.37997,127.31822,지족초등학교
45540,8006003,36.38208,127.31927,노은도서관
45230,8005900,36.38441,127.33991,하기동
42970,8001299,36.384212,127.34731,KT&G연구소
43010,8002109,36.38464,127.3502,하나아파트
43020,8002962,36.38503,127.35277,한화케미칼중앙연구소
43070,8002901,36.385098,127.35838,한국에너지기술연구원
43400,8001795,36.3846,127.361565,KT북대전지사
53220,9007010,36.356155,127.4448,비래검문소
51020,8002950,36.35495,127.44406,한신휴플러스
51000,8001535,36.352783,127.44282,적십자혈액원
11940,8002309,36.346275,127.43249,효촌마을아파트
11960,8001992,36.343735,127.43399,스마트뷰아파트
23250,8002454,36.329296,127.42716,으능정이거리
33310,8005532,36.29837,127.32447,진잠네거리
20720,8002629,36.32818,127.42497,중앙로역4번출구
12430,8002995,36.330173,127.43032,목척교
11950,8003022,36.34516,127.43355,효촌마을아파트
51010,8001039,36.352158,127.443,가양중학교입구
51500,8002951,36.355145,127.44463,한신휴플러스
53070,8005878,36.35615,127.44627,비래동노인회관
53220,8007010,36.35701,127.44514,비래검문소
73720,9005188,36.297203,127.24535,신도안아파트
73700,8005047,36.295986,127.24217,계룡복지센터
73670,8005063,36.29853,127.23971,공용주차장
73320,8005207,36.29027,127.24282,엄사지구입구
73260,8005116,36.28638,127.24073,두산아파트
73240,8005159,36.282314,127.239136,삼진아파트
73280,8005202,36.281948,127.241356,양정
73010,8005264,36.28056,127.24724,천마사
73060,8005084,36.278625,127.25141,금암리
73090,8005049,36.27436,127.25167,계룡시청
73050,8005051,36.272232,127.25046,계룡보건소
73960,8005635,36.27144,127.254845,계룡시선관위
73970,8005632,36.26992,127.25741,금암주공아파트
73140,8005974,36.272705,127.25947,노인종합복지관
73290,8007116,36.274418,127.258446,홈플러스계룡점
73430,8005245,36.274208,127.26249,신계룡변전소
73460,8005053,36.272263,127.26578,계룡역
73500,8005112,36.269573,127.270836,두마초등학교
73560,8005110,36.268208,127.273605,두마면사무소
73590,8005108,36.26559,127.27652,두계삼거리
73840,8005962,36.26312,127.2782,왕대고개
40980,8005961,36.266254,127.281075,계룡과선교
34860,8070010,36.298065,127.323296,샘물타운아파트
none,9005548,36.333294,127.438736,대전역동광장
23370,8007042,36.324146,127.41843,중구청역
40990,8001559,36.26632,127.28078,계룡과선교
73850,8005963,36.263393,127.2782,왕대고개
73580,8005107,36.26571,127.27662,두계삼거리
73570,8005109,36.26827,127.27369,두마면사무소
73510,8005111,36.26947,127.27122,두마초등학교
73470,8005052,36.271957,127.26659,이편한세상
73820,8007254,36.273308,127.26438,계룡역
73990,8007115,36.274693,127.25845,홈플러스계룡점
73130,8005089,36.271835,127.2591,노인종합복지관
73980,8005633,36.269974,127.25696,금암주공아파트
73950,8005634,36.271793,127.25476,계룡시선관위
73100,8005973,36.27241,127.25042,계룡보건소
73800,8005048,36.273994,127.25173,계룡시청
73080,8005085,36.278706,127.25164,금암리
73810,8005637,36.28085,127.24706,천마사
73300,8005203,36.282085,127.2409,양정
73250,8005158,36.282413,127.23943,삼진아파트
73270,8005115,36.286263,127.24104,두산아파트
73310,8005204,36.288208,127.2422,엄사네거리
73330,8005187,36.290775,127.24379,신도농원
32290,9005583,36.358253,127.38282,정부청사광장
32070,8006006,36.3509,127.37786,은하수네거리
30950,8002276,36.337902,127.392494,용문역3번출구
30930,8001951,36.33591,127.38987,대전산업정보고
31550,8001240,36.334217,127.38772,래미안아파트2단지
31510,8001238,36.332397,127.38538,래미안아파트1단지
33450,8002106,36.30006,127.33472,신선마을아파트
33430,8001786,36.299046,127.33205,봉우중학교
33380,8001154,36.297737,127.32945,구봉마을7단지
45310,8001578,36.3154,127.32003,드리움공원
40320,8005978,36.31841,127.320076,화물터미널
40320,9005978,36.316994,127.319756,화물터미널
45300,8001577,36.31537,127.31984,드리움공원
40310,8001141,36.312122,127.31857,교촌3통
33390,8001156,36.297695,127.32979,구봉마을8단지
33420,8001785,36.29877,127.331696,봉우중학교
33460,8002108,36.299694,127.334946,신선암
31490,8001237,36.331837,127.385284,래미안아파트1단지
31520,8001239,36.33346,127.387314,래미안아파트2단지
30920,8001950,36.33506,127.38936,대전산업정보고
32160,8001567,36.35854,127.379585,둔산경찰서
32290,8005583,36.359123,127.38285,정부청사광장
22270,8002916,36.304634,127.384636,한밭가든아파트
30130,8002708,36.30444,127.3794,초록마을1단지
30030,8002977,36.304604,127.373245,대전과학기술대학교
35150,8007246,36.30659,127.37061,대청병원
30390,8001100,36.31337,127.369095,공굴안
30480,8001762,36.31646,127.371346,복음양지아파트
30450,8001084,36.320583,127.37065,경남아파트
30430,8002831,36.322803,127.37045,배재대학교
30190,8001645,36.32876,127.370575,목운주택입구
30210,8001261,36.331688,127.37121,내동중학교
31620,8002160,36.33526,127.3725,안골네거리
34960,8007011,36.344204,127.37503,둔원초등학교
31960,8001089,36.3473,127.376,큰마을아파트
32170,8002556,36.361683,127.379616,정부대전청사서문
44510,8001303,36.41863,127.38302,테크노밸리2단지
44600,8001586,36.427063,127.389915,롯데마트대덕점
44590,8001585,36.426838,127.389755,롯데마트대덕점
44520,8001304,36.418896,127.38294,테크노밸리2단지
32980,8001989,36.361702,127.37927,선사유적지
31950,8001055,36.345707,127.374664,갈마2동주민센터
31600,8002161,36.33581,127.37245,안골네거리
30200,8001260,36.331726,127.371,내동중학교
30180,8001646,36.328716,127.37037,목운주택입구
30420,8001368,36.325714,127.370224,대아아파트
30410,8001707,36.32197,127.37009,배재대학교
30440,8002585,36.32009,127.37049,대전지방조달청
30470,8001763,36.316467,127.3712,복음양지아파트
30380,8001101,36.3135,127.36892,공굴안
35160,8007245,36.30741,127.36973,대청병원
30050,8002976,36.30437,127.37378,대전과학기술대학교
30140,8002707,36.30422,127.37948,초록마을1단지
22260,8002915,36.30437,127.38349,한밭가든아파트
22420,8002764,36.305153,127.39356,탑골입구
21920,8001353,36.305733,127.40117,대문초등학교입구
22030,8001661,36.30702,127.40628,문화2동
22050,8002927,36.3095,127.40709,한밭도서관
21970,8002686,36.309452,127.40321,천근오거리
21940,8001667,36.310886,127.40147,문화주공삼거리
22080,8005561,36.3169,127.40729,센트럴파크1단지
11330,8001445,36.342396,127.44879,대주파크빌
11370,8001548,36.344177,127.45187,동아마이스터고
11710,8002347,36.346783,127.456085,우암사적공원
11680,8001402,36.348534,127.45398,대전보건대학
50910,8001987,36.36793,127.43645,선비마을입구
51220,8002038,36.368855,127.43368,소월아파트
51190,8002912,36.370705,127.43127,한마음아파트
53270,8007176,36.411175,127.42411,들말
53250,9007174,36.40874,127.42159,신대차고지
53250,8007174,36.408745,127.42174,신대차고지
53260,8007175,36.411064,127.42406,들말
51130,8006007,36.372967,127.428185,대덕소방서
51200,8001745,36.37049,127.43132,보람아파트
51240,8001203,36.36799,127.43429,그린아파트
50920,8001986,36.36762,127.43654,선비마을입구
50950,8001554,36.364735,127.44036,동춘당
11670,8001403,36.34843,127.4538,대전보건대학
11700,8002346,36.34654,127.45544,우암사적공원
11660,8001547,36.34487,127.45285,동아마이스터고
11600,8001444,36.34312,127.44944,대주파크빌
12440,8001529,36.330624,127.43057,목척교
20310,8002631,36.328403,127.42478,중앙로역6번출구
20570,8002001,36.323917,127.41935,성모병원
22020,8005646,36.318703,127.4063,문화동삼익아파트
22070,8005562,36.316402,127.407234,센트럴파크1단지
21930,8001663,36.310715,127.40143,문화동.주공3단지후문
21980,8002685,36.3093,127.403275,천근오거리
22060,8002926,36.309364,127.40727,한밭도서관
22010,8001662,36.3067,127.40576,문화2동
21910,8001354,36.305977,127.40072,대문초등학교입구
22440,8001750,36.305386,127.39416,보성초등학교
22450,8001812,36.286552,127.37853,효문화마을입구
22530,8005915,36.295982,127.38366,사정교
30150,8005914,36.297802,127.37947,복수동사정교
30120,8002705,36.300117,127.37878,초록마을3단지
34920,8005640,36.302807,127.378944,신계초등학교
30630,8002584,36.319363,127.37584,용화5길입구
30500,8002582,36.319347,127.37298,도마중학교
30610,8002583,36.319187,127.37411,도마중학교
30110,8001754,36.302746,127.378716,신계초등학교
30100,8002706,36.299213,127.37851,초록마을네거리
34850,8070007,36.297215,127.38002,복수동사정교
22510,8005916,36.295746,127.38379,사정교
22720,8001811,36.28638,127.378296,효문화마을입구
22480,8002682,36.285282,127.3804,창명빌라
22540,8002509,36.28538,127.38376,효문화마을\/뿌리공원
22490,8002683,36.284946,127.381836,창명빌라
50930,8002065,36.362892,127.438705,송촌119안전센터
51470,8005895,36.36199,127.434,수도시설관리사업소
51390,8001516,36.357315,127.42709,동대전고등학교
50370,8002947,36.354954,127.427475,한숲아파트
53410,8007274,36.34656,127.41773,대덕구청
14620,8007272,36.343925,127.42126,솔랑마을아파트
14600,8007270,36.341198,127.425095,한밭자이아파트
12420,8001528,36.330357,127.42989,목척교
21790,8002429,36.316727,127.3979,유천2동주민센터
21830,8001669,36.31273,127.3988,문화초등학교
21730,8001855,36.311466,127.39393,산성우성아파트
22390,8001654,36.310806,127.39131,문성초등학교입구
30080,8005913,36.298386,127.37611,초록마을5단지
23160,8005935,36.29668,127.376785,안복수길
23170,8005934,36.29677,127.37684,안복수길
30090,8005585,36.298176,127.375946,초록마을5단지
22380,8001653,36.310295,127.3902,문성초등학교입구
22430,8001854,36.31114,127.3937,산성우성아파트
21870,8001668,36.312126,127.39727,문화초등학교
21810,8002428,36.316223,127.39834,유천2동주민센터
20660,8002620,36.327515,127.423134,중부경찰서
20070,8001647,36.32934,127.42811,으능정이거리
12330,8001871,36.336555,127.43038,삼성초등학교
11920,8001873,36.33878,127.428825,삼성네거리
14590,8007269,36.34071,127.42625,한밭자이아파트
14610,8007271,36.343445,127.42238,솔랑마을아파트
53400,8007273,36.346073,127.418785,대덕구청
11720,8002946,36.35473,127.42766,한숲아파트
51400,8001515,36.35702,127.4273,동대전고등학교
51460,8005894,36.361782,127.43398,수도시설관리사업소
50940,8002066,36.362732,127.43898,송촌119안전센터
32010,9002968,36.35576,127.37652,향촌아파트
32010,8002968,36.35571,127.37578,향촌아파트
22360,8001486,36.31141,127.38883,머티네거리
21700,8001954,36.315086,127.390175,서부종합시장
21710,8001716,36.318634,127.39227,버드내아파트
21490,8001868,36.322933,127.39382,삼부아파트
50190,8002242,36.349316,127.41599,한남오거리
50160,8002245,36.354675,127.4153,오정우체국
50180,8002233,36.357494,127.41544,오정네거리
50300,8001399,36.362602,127.4183,대전병원
50560,8002704,36.367813,127.4185,체육재활원
50550,8002362,36.367825,127.41591,원명학교
50480,8001459,36.367245,127.41111,대화동주민센터
50430,8001788,36.366245,127.40711,부국레미콘
50410,8001098,36.365883,127.403076,공구백화점
50380,8001551,36.36828,127.40163,동아연필
50450,8002577,36.36983,127.40714,제일사료
50470,8002386,36.37079,127.41027,유니레버
50520,8002023,36.372074,127.412186,세원화성
50510,8001549,36.374012,127.41394,동아교재
50630,8002462,36.37465,127.41782,당아래
none,8003108,36.382336,127.42531,대한통운종점
50690,8001453,36.380363,127.4237,대한통운
50670,8003011,36.376625,127.4207,회덕동주민센터
50640,8002463,36.374733,127.418495,당아래
50500,8001550,36.374176,127.41387,동아교재
50490,8002024,36.373,127.41164,세원화성
50460,8002385,36.37088,127.410255,유니레버
50420,8002578,36.36971,127.40621,제일사료
50390,8001552,36.368557,127.4016,동아연필
50400,8001099,36.36619,127.40275,공구백화점
50440,8001787,36.366108,127.40722,부국레미콘
50530,8001460,36.367268,127.41196,대화동주민센터
50540,8002361,36.367638,127.41575,원명학교
50580,8001560,36.366116,127.418945,대화동육교
50290,8001398,36.36251,127.41787,대전병원
50150,8002234,36.357887,127.415115,오정네거리
50140,8002244,36.354553,127.41496,오정우체국
50170,8002243,36.349655,127.41556,한남오거리
21480,8001869,36.323708,127.39385,삼부아파트
21450,8001717,36.319447,127.39223,버드내아파트
20580,8002802,36.320297,127.42004,대전광역시노인복지관
22180,8005586,36.314106,127.41113,충남과학교육원
22160,8005526,36.311428,127.41081,과례마을
22110,8002925,36.30991,127.40834,한밭도서관
22120,8001410,36.313187,127.40851,대전국제통상고
21740,8002796,36.32149,127.39438,태평초등학교
21530,8002789,36.324837,127.3953,태평시장
12230,8002621,36.339466,127.42235,삼성동행정복지센터
12250,8001797,36.33825,127.42381,북부교
12300,8001749,36.33666,127.42679,한밭중네거리
12290,8002934,36.336952,127.42679,한밭중네거리
12260,8001796,36.33818,127.42418,북부교
12240,8002622,36.339497,127.42258,삼성동행정복지센터
21520,8002788,36.324684,127.39503,태평시장
21500,8002797,36.321724,127.394325,태평초등학교
22090,8001411,36.313187,127.40824,대전국제통상고
22100,8002878,36.31085,127.40816,한국산업인력공단
22170,8001112,36.31142,127.41096,과례마을
22190,8002747,36.31403,127.4113,충남과학교육원
20590,8002801,36.319736,127.4201,대전광역시노인복지관
43130,8001330,36.385548,127.37586,도룡지구대
21600,8002388,36.330776,127.398,유등마을아파트
21620,8002845,36.328465,127.39888,푸른뫼아파트
21640,8001939,36.32497,127.4003,서대전역입구
21590,8002795,36.32281,127.398125,쌍용예가아파트
21760,8002430,36.320747,127.396484,유천네거리
21780,8002431,36.32079,127.39675,유천네거리
21800,8002794,36.322586,127.39825,쌍용예가아파트
21650,8001938,36.325096,127.40056,서대전역입구
21630,8002844,36.328323,127.39927,푸른뫼아파트
21610,8002387,36.330563,127.39835,유등마을아파트
74660,8005912,36.19117,127.46537,추부중학교입구
74520,8005121,36.193974,127.460266,마전.태봉마을
74760,8007214,36.194122,127.45752,중부대입구
74770,8006005,36.192608,127.452156,중부대학교
74780,8007213,36.193592,127.455666,중부대입구
74790,8007335,36.19569,127.45694,태조대왕태실
14120,8001603,36.20075,127.44946,만인산휴양림
14070,8001601,36.204174,127.442406,만인산공원
14010,8001007,36.210796,127.43886,가목정마을
14260,8002857,36.213745,127.440834,대전제2시립노인병원
14040,8002852,36.219215,127.44099,하소1통
14060,8002854,36.223465,127.442986,하소2통
14100,8002699,36.226406,127.44525,청소년수련원
13940,8001862,36.2279,127.44764,산흥초등학교
13960,8001899,36.229843,127.45482,상소동(노인병원)
13990,8001859,36.23503,127.46332,산정마을
13850,8001901,36.238365,127.46838,상소동산림욕장
51550,8002102,36.358112,127.44777,만남웨딩홀
51510,8001800,36.35701,127.44514,비래검문소
20850,8001660,36.314545,127.43825,문창시장
13840,8002082,36.23811,127.468185,상소동산림욕장
13980,8001858,36.234997,127.463135,산정마을
13970,8001900,36.230034,127.45491,상소동(노인병원)
13950,8001863,36.228012,127.44788,산흥초등학교
14090,8002698,36.226437,127.44511,청소년수련원
14050,8002855,36.223663,127.44291,하소2통
14030,8002853,36.2197,127.44091,하소1통
14020,8002856,36.213512,127.44035,대전제2시립노인병원
14000,8001006,36.210876,127.438705,가목정마을
14080,8001600,36.20359,127.443375,만인산공원
14110,8001602,36.200638,127.44938,만인산휴양림
74800,8007336,36.19702,127.45494,태조대왕태실
74510,8005249,36.1941,127.45694,중부대입구
74490,8005252,36.192757,127.452065,중부대학교
74500,8005250,36.193577,127.45555,중부대입구
74530,8005120,36.193817,127.46044,마전.태봉마을
74670,8005911,36.191906,127.46559,추부중학교입구
74540,8005122,36.189888,127.46759,마전종점
20490,8002651,36.3442,127.41137,중촌주공2단지
23510,8007154,36.342884,127.40902,중촌동과선교
20450,8002652,36.338837,127.40782,중촌주공3단지
20360,8001980,36.33753,127.40932,선병원
20420,8001625,36.33495,127.41269,목동네거리
20110,8002527,36.33249,127.41676,은행선화동주민센터
20270,8001874,36.327656,127.422714,삼성생명
20100,8002528,36.333107,127.41555,은행선화동주민센터
20500,8001626,36.335426,127.41225,목동네거리
20460,8001979,36.337505,127.409645,선병원
20430,8002653,36.339203,127.4075,중촌주공아파트
23680,8002644,36.342796,127.409424,중촌동과선교
14640,8007333,36.26829,127.47177,동구아름다운복지관
14650,8007334,36.268143,127.47186,동구아름다운복지관
10480,8002443,36.30239,127.45966,남부여성가족원
14140,8005874,36.30583,127.45813,홈플러스가오점
14210,8005870,36.3141,127.44559,천동휴먼시아
14190,8005871,36.315994,127.44473,천동초등학교
10220,8002692,36.318287,127.44251,효동현대아파트
10560,8002570,36.32078,127.44405,신흥마을아파트정문
10580,8002151,36.32244,127.445145,신흥동시외버스정류소
11250,8002728,36.3247,127.44583,충남중학교
14270,8003054,36.33012,127.433365,대전역\/역전시장
12090,8002990,36.344673,127.423775,홍도동현암아파트
12060,8001087,36.34765,127.422035,홍도지하보도
50330,8002902,36.350864,127.41934,한남대학교
50250,8002238,36.35436,127.41735,오정동
50210,8002249,36.35749,127.41651,오정육교
50570,8001458,36.365498,127.41907,대화동육교
50600,8001374,36.36815,127.42022,대전산업단지삼거리
50660,8002461,36.37265,127.42027,읍내네거리
50650,8002460,36.372246,127.42007,읍내네거리
50590,8001375,36.368446,127.42001,대전산업단지삼거리
50270,8001457,36.3608,127.41745,대화동고개
50200,8002250,36.357986,127.416595,오정육교
50260,8002860,36.35422,127.417274,오정동
50320,8002903,36.35071,127.419266,한남대학교
12070,8002988,36.34794,127.42161,홍도지하보도
12080,8002991,36.344486,127.42376,홍도동현암아파트
11200,8001344,36.328087,127.44307,새들뫼아파트
10590,8002727,36.324642,127.44547,충남중학교
10570,8002150,36.322495,127.44479,신흥동시외버스정류소
10550,8002572,36.320877,127.44382,어진마을아파트
14170,8005873,36.317066,127.44265,효동주민센터
14180,8005872,36.315697,127.44457,천동초등학교
14200,8005869,36.3136,127.44561,천동휴먼시아
14130,8005875,36.305607,127.457985,홈플러스가오점
10460,8005611,36.30254,127.459435,은어송마을2단지
21900,8001666,36.312916,127.4001,문화육교
20750,8001461,36.323833,127.42629,대흥네거리
20620,8001302,36.323128,127.42219,대고오거리
34670,8005908,36.36903,127.374466,둔천초등학교
32830,8002379,36.362373,127.3704,월평주공아파트
32110,8002466,36.355682,127.37889,이마트
32330,8001924,36.355667,127.38408,서구청
32420,8001726,36.355705,127.38865,법원.검찰청
32550,8002908,36.35568,127.392525,한마루아파트
10380,8001041,36.311527,127.45551,동구청
10420,8002449,36.310215,127.45664,은어송마을6단지
10470,8002445,36.3119,127.459045,은어송마을3단지후문
10510,8002444,36.310368,127.46143,은어송마을3단지
10490,8002447,36.308434,127.45882,은어송마을5단지
10430,8002442,36.303547,127.457214,은어송마을1단지
10450,8005580,36.303528,127.45738,은어송마을2단지
10500,8002448,36.308628,127.45935,은어송마을5단지
10520,8002446,36.310078,127.46134,은어송마을4단지
10730,8002451,36.31227,127.45926,은어송마을3단지후문
10440,8002450,36.310802,127.45724,은어송마을6단지
10390,8001042,36.310337,127.45545,동구청
32570,8002964,36.3559,127.39278,햇님아파트
32400,8001725,36.355927,127.387215,법원.검찰청
32320,8001925,36.355976,127.38386,서구청
32090,8002467,36.355988,127.37849,이마트
32020,8002815,36.355965,127.37597,파랑새아파트
34680,8001073,36.36743,127.37553,강변아파트
46350,8007267,36.33635,127.33436,대전시립박물관
30360,8005920,36.328182,127.38513,변동복개도로
34830,8070005,36.328022,127.38571,가장교오거리
34840,8070006,36.32811,127.386246,가장교오거리
31470,8005919,36.328568,127.38338,가장제일장로교회
32800,8002668,36.359158,127.36824,진달래아파트
31380,8001135,36.336185,127.3825,괴정동주민센터
31390,8001941,36.337757,127.384514,KT서대전지사입구
31440,8002220,36.340076,127.387505,예지중고등학교
30990,8002277,36.339497,127.395065,용문역7번출구
31230,8002762,36.341175,127.397224,탄방주공아파트
31010,8001497,36.343,127.39961,도산서원
31250,8001498,36.343464,127.399666,도산서원
31220,8002761,36.34129,127.396805,탄방주공아파트
31200,8001571,36.33984,127.39495,둔산전자타운
31430,8001712,36.33977,127.38675,백운초등학교
31400,8001942,36.338528,127.38518,KT서대전지사입구
31370,8001134,36.33602,127.38197,괴정동주민센터
32810,8001926,36.359234,127.36855,서대전고등학교
10790,8002820,36.319996,127.461815,판암동성당
23190,8005946,36.329857,127.41892,중구국민체육센터
20120,8002637,36.328724,127.41637,중앙초등학교
21230,8002982,36.327026,127.41235,호수돈여고
21210,8002274,36.325027,127.41076,용두동주민센터
21310,8002784,36.326546,127.40423,오류초등학교입구
31410,8005917,36.337315,127.38597,괴정동우창산업
31680,8001130,36.333572,127.379105,괴정네거리
30230,8001258,36.32986,127.37567,내동네거리
30460,8001932,36.326725,127.37098,서대전여고
35050,8007183,36.327152,127.37225,한국전력공사
30220,8001255,36.32952,127.37571,봉산중학교입구
31660,8001264,36.331932,127.377556,내동주민센터
31690,8001131,36.333965,127.37982,괴정네거리
21320,8002785,36.326374,127.40398,오류초등학교입구
21220,8001943,36.324924,127.41094,서대전초등학교
20080,8002983,36.32742,127.41485,호수돈여고
20150,8002638,36.329464,127.418396,중구국민체육센터
11000,8001383,36.328747,127.45931,대전대학교입구
11030,8001379,36.3307,127.460594,대전대학교
11090,8002308,36.3304,127.463135,용운주공아파트1단지
11050,8002301,36.32833,127.461784,용운동주민센터
10810,8002821,36.31991,127.46227,판암동성당
10530,8005568,36.322105,127.44366,신흥동종점
10540,8002152,36.323227,127.44382,신흥동주민센터
10210,8002691,36.3178,127.44185,효동현대아파트
10190,8003018,36.316086,127.44082,효동주민센터
20780,8001463,36.32614,127.42751,대흥동성당
42860,8001114,36.37449,127.36697,원자력안전기술원
42820,8003007,36.37712,127.36095,한국지질자원연구원
42800,8002886,36.378883,127.35778,한국항공우주연구원
43050,8002084,36.38438,127.354645,시민천문대
43340,8002745,36.396973,127.35464,충열사
43040,8002083,36.38432,127.354416,시민천문대
42790,8002897,36.378647,127.357735,한국항공우주연구원
42810,8002879,36.377434,127.35992,한국생명공학연구원
42850,8001113,36.37443,127.366745,한국과학기술원
42870,8001160,36.370495,127.36868,구성삼거리
10200,8003017,36.316055,127.44108,효동주민센터
31880,9001059,36.342113,127.37158,갈마아파트3단지
32560,8001576,36.35959,127.39257,둥지아파트정문
32630,8001890,36.35907,127.39508,삼천중학교
11840,8002987,36.355103,127.43696,대전문학관입구
11880,8001920,36.35286,127.43957,구샤또호텔
11500,8001228,36.343613,127.44161,가양초등학교
12020,8001038,36.34193,127.43803,석촌마을아파트
11420,8001422,36.333496,127.43874,대전역동광장
11360,8002487,36.335342,127.44951,자양동주민센터
14280,8003051,36.332912,127.45355,우송대동캠퍼스
10990,8001236,36.333054,127.4573,꿈에그린아파트
10980,8002304,36.338184,127.45763,용운마젤란아파트
14530,8005989,36.33537,127.46357,대전대학교동문
14520,8005988,36.335358,127.463806,대전대학교동문
10950,8002305,36.337708,127.4573,용운마젤란아파트
10970,8001234,36.333103,127.45717,꿈에그린아파트
10910,8002341,36.3331,127.453415,우송대동캠퍼스
11350,8002486,36.33564,127.44929,자양동주민센터
12000,8001995,36.34122,127.43723,성남네거리
11480,8001970,36.342255,127.4393,아침마을아파트
11510,8001229,36.344067,127.443184,가양초등학교
11860,8001921,36.353367,127.439575,홈플러스동대전점
11850,8002986,36.35508,127.43755,대전문학관입구
32640,8002076,36.358475,127.39537,수정타운아파트정문
32520,8001232,36.359795,127.39173,꿈나무아파트
10530,9005568,36.322506,127.44275,신흥동종점
12410,8001417,36.33195,127.43239,대전역
32500,8001913,36.36155,127.39041,샘머리아파트
34740,8002081,36.364937,127.38876,한밭수목원
34730,8001395,36.364975,127.38449,대전예술의전당
43680,8002811,36.402084,127.34604,국군대전병원
43690,8002436,36.40766,127.34625,국방지형정보단
43650,8002489,36.412903,127.34553,합동군사대학교
43750,8002070,36.412918,127.34116,수운교입구
43740,8002103,36.412624,127.33711,자운초등학교
43700,8003098,36.39478,127.34899,자운동종점
32380,8001394,36.364464,127.38667,대전예술의전당
32460,8002555,36.361454,127.38999,정부대전청사동문
62190,8005029,36.307224,127.56345,옥천기점
5945,8005945,36.30448,127.56363,가화리
62130,8005032,36.299007,127.56668,옥천버스앞
62140,8005030,36.300407,127.56713,옥천농협앞
62160,8005036,36.301872,127.56827,옥천종합상가
62180,8005038,36.303795,127.5686,옥천중학교
62110,8005034,36.306953,127.565575,옥천시외버스터미널
62080,8005009,36.30819,127.563255,삼양3리
62070,8005012,36.309547,127.561325,삼양삼거리
62050,8005013,36.312817,127.55696,서정리
62020,8005028,36.31759,127.554054,옥각리
62010,8005018,36.317833,127.54707,당골마을
62330,8005138,36.32615,127.54076,백석리
62280,8005229,36.330406,127.53536,군북면사무소
62250,8005163,36.33455,127.52749,새마을
62240,8005235,36.33614,127.52187,자모리
62220,8005253,36.336967,127.514786,증약
13090,8002201,36.3438,127.50134,신상동
14540,8007220,36.34003,127.41628,삼성2동
14550,8007221,36.342278,127.416336,현암시장
12200,8005855,36.342396,127.42001,현암초등학교
51590,8007172,36.360878,127.4502,비래동종점
12170,8001870,36.339813,127.416626,삼성2동
12160,8002972,36.34208,127.415535,현암시장
12180,8001741,36.34197,127.41941,현암초등학교
13070,8003009,36.347694,127.4951,세천삼거리
62210,8005254,36.3371,127.51414,증약
62230,8005234,36.33598,127.52182,자모리
62260,8005162,36.33417,127.52775,새마을
62290,8005230,36.330135,127.535286,군북면사무소
62340,8005228,36.325527,127.54127,백석리
62200,8005017,36.3176,127.54691,당골마을
62030,8005027,36.31688,127.55474,옥각리
62040,8005014,36.31322,127.556465,서정리
62060,8005011,36.30946,127.561134,삼양삼거리
62090,8005010,36.307884,127.56353,삼양3리
62100,8005035,36.30695,127.565,옥천시외버스터미널
62150,8005031,36.304035,127.56787,옥천교육청
62170,8005037,36.30253,127.56847,옥천종합상가
62120,8005033,36.29964,127.56634,옥천버스앞
12980,8005884,36.332214,127.479866,세천공원
12970,8005883,36.332355,127.48017,세천공원
51290,8002218,36.36183,127.42162,영진로얄아파트
51310,8001583,36.3654,127.42298,럭키스포츠프라자
51380,8002615,36.366596,127.42654,중리시장
51170,8001532,36.37007,127.42938,보람아파트
51160,8001427,36.367214,127.428825,근로복지공단대전병원
51070,8002616,36.366634,127.425865,중리시장
51300,8002080,36.36539,127.422714,스포츠프라자삼거리
51270,8002217,36.361237,127.42115,영진로얄아파트
11220,8001351,36.328773,127.44422,펜타뷰아파트
10880,8002295,36.327366,127.44761,한밭여중입구
35110,8007074,36.323257,127.36733,배재대학교종점
30370,8005947,36.32243,127.36838,경남아파트
30310,8001734,36.32485,127.38068,변동시장
30340,8001738,36.323845,127.38377,변동초등학교
21440,8001718,36.32182,127.39008,버드내2단지
21540,8002792,36.32652,127.39526,태평오거리
21570,8002787,36.32976,127.39679,태평중학교
21270,8002781,36.32699,127.402824,오류네거리
21350,8001936,36.322704,127.404594,서대전역
none,8007173,36.331985,127.47629,대전동신과학고
21340,8001937,36.32353,127.404526,서대전역
21280,8002780,36.326733,127.403206,오류네거리
21560,8001630,36.329796,127.3965,태평중학교
21510,8002791,36.326595,127.39499,태평오거리
21430,8002786,36.322155,127.38995,삼부\/새롬아파트
30350,8001739,36.32404,127.38392,변동초등학교
30330,8001733,36.324955,127.38113,변동시장
30400,8005948,36.32261,127.36903,경남아파트
30570,8001256,36.325325,127.373726,변동근린공원
30540,8001197,36.3216,127.37357,귀빈장네거리
30520,8001495,36.317863,127.37341,도마중학교
30510,8001708,36.31508,127.37337,제일고등학교
30600,8002581,36.312424,127.37409,도마2동주민센터
30620,8002580,36.311806,127.37449,삼육중학교입구
30560,8002579,36.314137,127.373856,유천초등학교
30530,8001709,36.31704,127.373566,배재시장
30550,8001496,36.31978,127.37372,도마중학교
30580,8001737,36.32278,127.373856,변동중학교
30590,8001257,36.326096,127.374,변동근린공원
21150,9002200,36.33355,127.40243,어덕마을종점
20320,8001636,36.335667,127.403465,목양마을아파트후문
23290,8003076,36.334106,127.40742,목양초등학교
20330,8001635,36.334106,127.40742,목양마을아파트
50060,8002237,36.358192,127.40954,오정농수산물시장
20390,8001360,36.33212,127.41001,충남여중삼거리
20340,8001627,36.33465,127.40738,목동동대전농협
23280,8003075,36.33632,127.406296,목양초등학교
23240,8003077,36.336945,127.40358,목양마을아파트후문
21140,8005569,36.33303,127.40173,어덕마을종점
21150,8002200,36.33308,127.40212,어덕마을종점
11800,8002314,36.357227,127.43301,용전동주민센터
11430,8005548,36.33349,127.43837,대전역동광장
22350,8001485,36.3101,127.38872,머티네거리
51520,8001957,36.35934,127.445724,서오아파트
51530,8001958,36.35867,127.44556,서오아파트
51030,8001985,36.36593,127.44466,선비마을5단지
50970,8001981,36.36889,127.44022,선비마을2단지
51120,8002426,36.369427,127.427475,유원아파트
51080,8001889,36.37344,127.426346,삼정하이츠타운
53230,8007022,36.367664,127.44215,선비마을3단지후문
50990,8001984,36.367573,127.44242,선비마을4단지후문
51090,8001722,36.371696,127.42665,법동주공3단지
51110,8002168,36.36867,127.42754,안산도서관
45320,8005925,36.37622,127.38975,DCC종점
45550,8005950,36.37544,127.39328,대전컨벤션센터
34780,8005926,36.367397,127.39311,천연기념물센터
34770,8005581,36.35472,127.3828,을지대학병원
32280,8001573,36.348415,127.38273,둔산초등학교
23150,8005922,36.310127,127.411415,한밭도서관후문
23640,8007327,36.31217,127.41381,홀트아동복지회관
23130,8005923,36.3154,127.41748,대자연아파트
23180,8005924,36.317757,127.41753,충남대학병원동문
23120,8001370,36.31535,127.41709,대자연아파트
23230,8005977,36.313026,127.41435,홀트아동복지회관
23140,8002928,36.31039,127.41143,한밭도서관후문
31040,8001572,36.34839,127.383026,둔산초등학교
32300,8005856,36.35481,127.383095,을지대학병원
34790,8005927,36.367413,127.393555,천연기념물센터
43310,8005563,36.37714,127.3936,스마트시티5단지
43290,8005964,36.37747,127.390144,스마트시티2단지
30460,9001932,36.326893,127.37054,서대전여고
30240,8005910,36.32936,127.37594,변전소네거리
51210,8002037,36.36864,127.43349,소월아파트
51230,8001201,36.365807,127.43425,그린아파트
51480,8002701,36.363132,127.43503,대덕구청소년수련관
20240,8001442,36.334377,127.42098,대종로네거리
20260,8001441,36.334106,127.42106,대종로네거리
51490,8002700,36.363194,127.43525,대덕구청소년수련관
51250,8001202,36.365803,127.43454,그린아파트
50840,8002930,36.410454,127.42516,들말\/신대차고지
52160,8001977,36.42483,127.41896,선바위
52170,8001909,36.42992,127.41925,새일초등학교
52240,8001476,36.434155,127.42192,덕암우체국
52290,8001478,36.438,127.42322,행복한마을아파트
51870,8001001,36.444008,127.40544,대덕우체국네거리
51940,8005592,36.440933,127.40892,을미기네거리
51880,8002907,36.436214,127.40641,신일네거리
51910,8005509,36.431515,127.407104,장고개삼거리
44460,8005542,36.425552,127.40205,대덕밸리용신교
44350,8005551,36.422634,127.40646,미건테크노월드
45420,8005953,36.419888,127.41008,화인테크
44370,8005896,36.417442,127.41148,뉴로스
44360,8005899,36.41389,127.41135,조폐공사ID본부
45430,8005955,36.41205,127.409836,대청ENG
44380,8005898,36.41438,127.41158,조폐공사ID본부
44390,8005897,36.417477,127.41175,뉴로스
46250,8005954,36.42005,127.41026,화인테크
44340,8005552,36.422806,127.40666,미건테크노월드
44470,8005543,36.425636,127.40245,대덕밸리용신교
51920,8005510,36.431305,127.40725,장고개삼거리
51890,8001599,36.43649,127.40651,신일네거리
51950,8005863,36.44092,127.40927,을미기네거리
51900,8001002,36.44455,127.405106,대덕우체국네거리
52080,8001479,36.43814,127.42304,행복한마을아파트
52050,8001477,36.43462,127.42183,덕암우체국
52150,8001840,36.430523,127.41886,새일초등학교
52140,8001978,36.425247,127.41883,선바위
52180,8001841,36.421024,127.41963,선바위삼거리
50820,8001581,36.412464,127.42436,들말\/신대차고지
52190,8001842,36.421192,127.41983,선바위삼거리
52210,8001976,36.423798,127.41967,선바위
52230,8001839,36.429092,127.42139,상서삼거리
52320,8002839,36.435513,127.42549,평촌동
51650,9005503,36.450523,127.417755,신탄진기점지
51650,8005503,36.451553,127.41752,신탄진기점지
53370,8007252,36.449993,127.41878,금강엑슬루타워정문
52310,8002840,36.435818,127.4254,평촌동
52220,8001838,36.43006,127.421684,상서삼거리
52200,8001975,36.42408,127.41955,선바위
52970,9001753,36.448544,127.43831,보훈병원종점
43490,8003004,36.407158,127.37361,화암네거리
43480,8001706,36.40537,127.36723,방현동
43450,8001105,36.4019,127.36307,대전광역시인재개발원
41550,8001220,36.35344,127.329666,정보통신공사협회
41980,8001757,36.340984,127.31864,복용2통
41950,8001758,36.339214,127.31691,복용동
40470,8002864,36.337673,127.31496,학하동
41960,8001759,36.339138,127.317085,복용동
41970,8001756,36.340748,127.31869,복용2통
43350,8002746,36.397293,127.35566,충열사
43440,8001104,36.401127,127.362724,대전광역시인재개발원
43470,8001705,36.40505,127.36704,방현동
45560,8070028,36.406475,127.372154,대전시립제1노인병원
52850,8001965,36.447426,127.43048,석봉과선교
53390,8007262,36.447777,127.43936,보훈병원
44150,8002072,36.40562,127.39794,LH연구원
44430,8005512,36.41755,127.39538,푸르지오하임1
44640,8005879,36.420303,127.39216,테크노밸리6.10단지
44580,8002639,36.42144,127.388626,중일고등학교
44450,8005505,36.42541,127.40136,대덕밸리용신교
51990,8002121,36.434303,127.41124,시알들삼거리
52020,8001728,36.43761,127.41312,벤처타운장영실관
52010,8002667,36.43957,127.410835,직업능력개발원
53360,8007250,36.45204,127.42889,신탄진동행정복지센터
53350,8007249,36.452824,127.42855,신탄진동행정복지센터
52000,8002666,36.43936,127.41086,직업능력개발원
52030,8001729,36.437126,127.41338,벤처타운장영실관
51980,8002120,36.4337,127.41012,시알들삼거리
44440,8005506,36.425495,127.401215,대덕밸리용신교
44570,8002640,36.42135,127.38841,중일고등학교
44660,8005880,36.420105,127.39197,테크노밸리6.10단지
44420,8005511,36.417664,127.39526,테크노밸리11.12단지
44140,8002071,36.405533,127.39795,LH연구원
32230,8001565,36.353455,127.38088,둔산2동주민센터
32340,8002089,36.352467,127.38428,시청환승지
50710,9001455,36.383938,127.42527,대한통운종점
51360,8002614,36.360676,127.42537,중리동주민센터
51350,8002610,36.363388,127.42526,중리근린공원
52940,8002127,36.450073,127.43541,신탄진고등학교
52920,8002318,36.45259,127.43465,용정초등학교
52910,8001906,36.45254,127.434555,새여울아파트
52930,8002128,36.45053,127.43515,신탄진고등학교
51330,8002612,36.363758,127.425064,중리근린공원
51340,8002613,36.36048,127.42519,중리동주민센터
53010,8005616,36.429283,127.429184,달수정
53060,8002841,36.431816,127.433815,평촌동
52380,8002777,36.437057,127.43394,태양마을
53240,8007069,36.438187,127.43202,KT&G사택
52820,8002129,36.44258,127.429565,신탄진과선교
51970,8005544,36.430325,127.41034,동건운수
51850,8002944,36.440357,127.40207,한솔제지
44610,8005609,36.433216,127.390335,웅진에너지
44630,8005601,36.428604,127.39147,한신에스메카
44400,8002775,36.411274,127.39457,탑립육교
44410,8002776,36.411247,127.39476,탑립육교
44650,8005602,36.428017,127.39141,한신에스메카
44620,8005608,36.433357,127.39085,웅진에너지
51840,8002945,36.43967,127.40244,한솔제지
51960,8005545,36.430523,127.40916,동건운수
53310,8007210,36.429974,127.412224,지수체육공원입구
53020,8001298,36.43789,127.427376,KT&G
53040,8002427,36.432163,127.42483,유창산업
53030,8005613,36.427597,127.42271,상서동
53050,8001433,36.42597,127.425735,철도차량정비창
23340,8007005,36.313545,127.422325,보문산공원로
23320,8007003,36.315903,127.42575,보문산진입로
23300,8007001,36.318077,127.42852,한화생명이글스파크
23360,8007007,36.320274,127.43418,문창동보문교
50620,8002371,36.37675,127.412506,원촌교네거리
44490,9001783,36.448254,127.3846,봉산동기점
50610,8002372,36.376778,127.41181,원촌교네거리
23310,8007002,36.315636,127.42537,보문산진입로
23330,8007004,36.313667,127.42234,보문산공원로
23350,8007006,36.312035,127.42039,보문산공원
32700,8005519,36.3551,127.355064,갑천역
32710,8005520,36.35448,127.35472,갑천역
none,9001595,36.367683,127.37358,만년고등학교
34690,8001598,36.367176,127.37566,만년중학교
30020,8002978,36.304867,127.37296,대전과학기술대학교
30070,8001947,36.309406,127.37388,서부경찰서
30060,8001648,36.307755,127.373795,목화아파트
30040,8001755,36.306553,127.37338,복수동주민센터
30010,8002979,36.304924,127.37279,대전과학기술대학교
30940,8002508,36.336983,127.39183,장미아파트
34700,8001597,36.36508,127.3757,만년동
34660,8001595,36.36777,127.37284,만년고등학교
32360,9002090,36.35542,127.38531,시청환승지
44080,8005599,36.4007,127.39161,한남대대덕캠퍼스
45910,8003124,36.402863,127.38908,대한항공기술연구원
43580,8005531,36.407623,127.38326,국립과학수사연구원
45410,8005975,36.408226,127.37681,중앙백신연구소
45870,8003090,36.41428,127.400764,한국방송통신대학교
46060,8070032,36.41277,127.40593,청벽산공원삼거리
46050,8070031,36.413025,127.406235,청벽산공원삼거리
45860,8003089,36.414448,127.40096,한국방송통신대학교
45630,8005976,36.407932,127.3767,중앙백신연구소
43570,8005530,36.407368,127.38314,국립과학수사연구원
45920,8003123,36.40259,127.38878,대한항공기술연구원
44090,8005600,36.40033,127.39185,한남대대덕캠퍼스
32430,8001452,36.3595,127.38933,둥지네거리
32360,8002090,36.35203,127.38533,시청환승지
22780,8005529,36.279408,127.424706,구완동
3065,8003065,36.277573,127.421524,구완2교
23560,8005627,36.276924,127.40699,무수동
23540,8005625,36.277145,127.40226,무수동입구
23410,8007039,36.29569,127.39987,백골저수지
23630,8007257,36.298553,127.405045,사정공원
23430,8007037,36.298306,127.395065,대전보훈공원입구
23450,8007035,36.300045,127.393295,백골삼거리
23470,8007033,36.303566,127.39425,보성네거리
23480,8007032,36.304214,127.394264,보성네거리
23460,8007034,36.300137,127.392975,백골삼거리
23440,8007036,36.298214,127.39468,대전보훈공원입구
23420,8007038,36.295815,127.3997,백골저수지
23530,8005626,36.277077,127.402275,무수동입구
23550,8005628,36.27695,127.40685,무수동
23570,8003064,36.277424,127.421684,구완2교
44970,8001342,36.47579,127.39499,대동보건소
45010,8001333,36.47894,127.39551,대동
45030,8001338,36.480995,127.395836,대동
45050,8005539,36.483574,127.39722,대동2통
44990,8001337,36.48537,127.395164,대동1통
45060,8001223,36.492462,127.38433,금탄동종점
44980,8001336,36.485302,127.39511,대동1통
45040,8001335,36.483566,127.39714,대동2통
45020,8001339,36.48101,127.39576,대동
45000,8001334,36.47891,127.39544,대동
44960,8001343,36.475815,127.39493,대동보건소
32340,9002089,36.35191,127.38427,시청환승지
34750,8007326,36.309498,127.37172,서부소방서
44690,8005535,36.43035,127.39553,우리ETI
45400,8005957,36.428307,127.39807,한들교
45670,8070015,36.350044,127.347946,봉명베르디움
45650,8007184,36.348034,127.347885,예미지7단지
46310,8007244,36.346813,127.347885,예미지7단지
45660,8070014,36.350014,127.34815,봉명베르디움
46080,8070044,36.366657,127.31397,수정초등학교
46390,8007323,36.370747,127.3376,죽동천년나무아파트
46370,8007324,36.36913,127.33394,죽동칸타빌아파트
46360,8007320,36.369884,127.334656,죽동예미지아파트
46380,8007321,36.37067,127.33671,죽동천년나무아파트
46400,8007322,36.370243,127.3405,충대서문
46070,8070043,36.367115,127.31431,수정초등학교
52980,9002327,36.43647,127.44892,용호동종점
53140,8005980,36.44294,127.44114,신탄진정수장
52880,8002958,36.44401,127.43362,신탄진26통
52680,8001883,36.447323,127.46533,삼정동.근장골길
52700,8001888,36.44264,127.466576,삼정동.소골마을
52670,8001882,36.437824,127.46306,삼정동
52620,8001886,36.43113,127.46785,삼정동.농기계보관창고
52600,8001067,36.427727,127.465805,갈전동
52540,8002477,36.414913,127.45786,이현동
52560,8002479,36.411682,127.4627,이현동마을정보센터
52590,8002474,36.411892,127.46731,이현동
12670,8006000,36.33222,127.4769,대전동신과학고
12950,8003027,36.40934,127.47369,효평삼거리
52580,8002475,36.41188,127.46715,이현동
52570,8002478,36.41138,127.46308,이현동마을정보센터
52550,8002476,36.414997,127.457924,이현동
52610,8001066,36.427624,127.46584,갈전동
52630,8001885,36.431107,127.46795,삼정동.농기계보관창고
52660,8001881,36.43775,127.46313,삼정동
52710,8001887,36.442608,127.46669,삼정동.소골마을
52690,8001884,36.447395,127.465385,삼정동.근장골길
52890,8002957,36.443943,127.433716,신탄진26통
53300,8005981,36.442837,127.44108,신탄진정수장
52980,8002327,36.43603,127.449036,용호동종점
33190,8001027,36.299187,127.35597,가수원역
35260,8007286,36.297474,127.34458,느리울13단지
35240,8007284,36.293922,127.343346,어반힐스아파트
35220,8007282,36.292477,127.33956,다온숲아파트
35270,8007287,36.29238,127.33737,하늘아래공원
35530,8007397,36.2924,127.33312,관저동예미지아파트
35570,8007405,36.29383,127.32778,관저더샵1단지
35290,8007319,36.295517,127.32604,서일고\/서일여고
40350,8001136,36.31144,127.3252,교도소
35280,8007318,36.295162,127.32565,서일고\/서일여고
35560,8007406,36.293606,127.32748,관저더샵2단지
35520,8007396,36.29205,127.33374,관저동예미지아파트
35210,8007281,36.292007,127.339905,다온숲아파트
35230,8007283,36.293964,127.34372,천년나무아파트
35250,8007285,36.29712,127.3422,느리울초등학교
33120,8001011,36.304085,127.353516,가수원시장
33180,8001026,36.2986,127.3559,가수원역
013012,8007055,36.619682,127.32928,오송역
031053,3014026,36.53403,127.27634,한별리
031055,3014017,36.528637,127.26408,해밀리
052009,3056002,36.514725,127.25893,도담동
052036,8007080,36.504997,127.261505,정부세종청사북측
052030,3062007,36.501614,127.25989,정부세종청사남측
052018,3062004,36.4947,127.25641,다정동
051009,3053004,36.48745,127.25744,새롬동.나성동
051049,8007057,36.48097,127.26185,한솔동
051122,8007300,36.470715,127.2732,세종터미널
076080,8007401,36.472237,127.27665,대평동
051107,8007298,36.475105,127.28091,보람동.대평동
051111,8007296,36.478367,127.28825,세종시청.교육청.시의회
051117,8007294,36.48251,127.29799,소담동
051119,8007292,36.481274,127.30753,한국개발연구원(KDI)
53500,8007290,36.438034,127.395676,대덕산업단지
14730,8007412,36.332798,127.43198,대전역
53480,8007288,36.358673,127.40468,오정농수산시장
53490,8007289,36.437763,127.39641,대덕산업단지
051120,8007291,36.481125,127.30788,한국개발연구원(KDI)
051115,8007293,36.482742,127.29742,소담동
051112,8007295,36.478638,127.288765,세종시청.교육청.시의회
051110,8007297,36.475502,127.281425,보람동.대평동
076070,8007400,36.47217,127.27616,대평동
051121,8007299,36.47085,127.273125,세종터미널
051048,8007052,36.480312,127.262566,한솔동
051007,3053005,36.48685,127.25795,새롬동.나성동
051015,3054003,36.49384,127.2566,다정동
052029,3062006,36.500698,127.25968,정부세종청사남측
052033,8007053,36.504177,127.261246,정부세종청사북측
052008,3056003,36.513947,127.25929,도담동
031056,3014014,36.529377,127.26454,해밀리
031054,3014025,36.53392,127.27671,한별리
051095,8007354,36.496212,127.30366,국책연구단지북측
051032,8007355,36.49381,127.30136,한국조세재정연구원
057012,8007352,36.487087,127.301506,법원
051118,8007350,36.482643,127.2974,소담동(새샘마을)
051101,8007348,36.480537,127.29298,세종우체국(보람초등학교)
051097,8007346,36.47885,127.28898,세종시청.교육청.시의회
051109,8007344,36.475765,127.281784,보람동(호려울마을)
51123,8007398,36.472374,127.27644,대평동(해들마을)
057016,8007342,36.468746,127.27479,세종고속시외버스터미널
46460,8007356,36.37788,127.30423,노은휴먼시아4단지
46450,8007340,36.3744,127.30515,영무예다음아파트
46480,8007362,36.366688,127.31621,월드컵경기장역
46470,8007357,36.36235,127.343124,충남대학교
46490,8007395,36.36713,127.31611,월드컵경기장역
46440,8007339,36.374214,127.30568,영무예다음아파트
057015,8007341,36.46861,127.27512,세종고속시외버스터미널
51124,8007399,36.47196,127.276276,대평동(해들마을)
051108,8007343,36.47474,127.280495,보람동(해들마을)
051096,8007345,36.47813,127.287865,세종시청.교육청.시의회
051100,8007347,36.4802,127.29276,세종우체국(보람초등학교)
051116,8007349,36.482403,127.297485,소담동(새샘마을)
057019,8007402,36.48694,127.30178,법원
057013,8007353,36.49092,127.3038,국책연구단지남측
14680,8007360,36.33384,127.455536,용수골
23670,8007361,36.32013,127.38634,파라곤아파트
none,9003105,36.312717,127.38789,서남부터미널종점
23210,8005952,36.3161,127.38673,버드내아파트
23220,8005951,36.320885,127.38693,파라곤아파트
35360,8007368,36.332363,127.35095,옥녀봉네거리
35340,8007366,36.312546,127.34947,도솔초등학교
35320,8007364,36.294468,127.3305,구봉고등학교
35310,8007363,36.294853,127.33026,구봉고등학교
35330,8007365,36.311695,127.347244,도솔초등학교
35350,8007367,36.33199,127.34881,옥녀봉네거리
35390,8007381,36.28185,127.35423,벌말
35510,8007392,36.276165,127.348595,상보안
35510,8007393,36.27626,127.34991,상보안
35380,8007380,36.28175,127.35459,벌말
33140,8001012,36.30414,127.35374,가수원시장
14740,8007415,36.316776,127.45856,판암역종점
53520,8007414,36.35535,127.45651,가양비래공원네거리
53530,8007416,36.35431,127.45168,평화아파트
53540,8007417,36.354954,127.447,삼호아파트
53510,8007413,36.355076,127.456276,가양비래공원네거리
none,8007108,36.24737,127.25939,입암리마을회관종점
none,8007109,36.24912,127.26149,재실
73450,8005166,36.25068,127.26618,선바위
73490,8005232,36.252064,127.26883,입암리
none,8007105,36.250313,127.27192,아워홈
none,8007106,36.25157,127.27451,길산스틸
none,8007112,36.25421,127.27425,왕대2리입구
73610,8005213,36.26001,127.27866,왕대1구
73600,8005214,36.260143,127.27845,왕대1구
none,8007104,36.25425,127.27424,왕대2리입구
none,8007110,36.25173,127.27458,길산스틸
none,8007111,36.250423,127.27182,아워홈
73480,8005231,36.252125,127.268745,입암리
73440,8005167,36.25078,127.26609,선바위
none,8007107,36.249237,127.26165,재실
77350,8007119,36.26089,127.21245,도곡2리
73150,8007124,36.26764,127.21383,도곡리
77130,8007149,36.269638,127.21419,도곡2교
77140,8007148,36.273403,127.21283,장자동
77150,8007147,36.281673,127.21937,향적산입구
77160,8007146,36.280975,127.22167,향한리
77180,8007145,36.275196,127.22463,소라실
77190,8007144,36.271008,127.22425,광석낚시터
77200,8007143,36.266514,127.225174,광석리
73210,8005282,36.262615,127.22827,합판리
73230,8005224,36.268032,127.23351,유동1리
73230,8005226,36.275272,127.23632,유동리
77550,8007205,36.282505,127.237724,신도초등학교
none,8007332,36.284676,127.233215,파라디아아파트
77400,8007139,36.28712,127.235535,엄사1리
77390,8007140,36.28886,127.239655,엄사면사무소
77380,8007127,36.28893,127.2389,엄사농협
77410,8007128,36.287178,127.23531,엄사1리
none,8007331,36.28492,127.23311,파라디아아파트
77540,8007204,36.282364,127.23761,신도초등학교
77100,8007123,36.279167,127.23785,블루힐스아파트
73220,8005227,36.275352,127.23606,유동리
77110,8007122,36.273003,127.23522,계룡예술의전당
73220,8005225,36.268,127.23315,유동1리
73200,8005281,36.26277,127.22826,합판리
73180,8005644,36.266453,127.22532,광석리
73880,8003111,36.270893,127.22435,광석낚시터
73890,8003112,36.27523,127.22469,소라실
73900,8005645,36.280964,127.221756,향한리
73910,8003113,36.281715,127.21924,향적산입구
73920,8003114,36.273327,127.21266,장자동
3115,8003115,36.269634,127.214005,도곡2교
73150,8005100,36.26778,127.2138,도곡리
73360,8005095,36.25411,127.25241,농소리
73370,8005267,36.256706,127.25601,하대실
none,8007374,36.26696,127.25845,신성2차아파트
77210,8007153,36.27418,127.255936,홈플러스정문(MG새마을금고)
77220,8007152,36.273563,127.25631,홈플러스정문(MG새마을금고)
none,8007373,36.267338,127.25855,신성2차아파트
73380,8005268,36.256847,127.25598,하대실
none,8007125,36.266518,127.27174,두마면사무소앞
none,8007200,36.267464,127.27032,더샵아파트
none,8007201,36.268578,127.26496,대림아파트정문
73730,8005566,36.29786,127.24474,신도안아파트
73640,8005523,36.299973,127.23701,계룡대입구
73650,8005521,36.308487,127.23645,계룡대사거리
none,8007199,36.31695,127.24371,계룡대제3정문
73750,8005525,36.323395,127.245384,계룡대C.C
71160,8005983,36.339703,127.24964,밀목재
71180,8005984,36.351864,127.25306,동월마을
71140,8005982,36.35939,127.25245,사기소
71130,8005987,36.359165,127.252426,사기소
71150,8005986,36.351974,127.252914,동월마을
71170,8005985,36.339893,127.249565,밀목재
73760,8005524,36.324024,127.245384,계룡대C.C
none,8007198,36.31685,127.24357,계룡대제3정문
73660,8005522,36.308666,127.236595,계룡대사거리
none,8007114,36.30008,127.24267,신도안면사무소앞
none,8007113,36.302296,127.245384,품안마을아파트
none,8007118,36.302376,127.24531,품안마을아파트
none,8007117,36.300373,127.24287,신도안면사무소앞
none,8007135,36.291824,127.21317,무상사종점
none,8007136,36.28531,127.21686,향한1리(웃마을)
none,8007131,36.281082,127.22163,향한리
none,8007132,36.27774,127.22361,향한2리(용기말)
none,8007121,36.26339,127.22539,도곡리(배울)
none,8007120,36.264996,127.21902,도곡초등학교
none,8007137,36.28309,127.22068,향한1리
none,8007138,36.286556,127.23186,엄사중학교
none,9007125,36.266518,127.27174,두마면사무소앞
none,8007206,36.268337,127.26506,대림아파트정문
none,8007207,36.266426,127.2716,두마면사무소앞
none,8007129,36.28663,127.232285,엄사중학교
none,8007130,36.28319,127.22071,향한1리
none,8007134,36.285076,127.21716,향한1리(웃마을)
42030,8002417,36.36315,127.33426,KT유성지사
060015,6004704,36.40341,127.31009,외삼1통
none,6004706,36.41648,127.29796,안산교
034084,8005221,36.42278,127.28449,용담리
034083,8005210,36.4267,127.28061,용담1리(옹기마을)
034008,8005137,36.42818,127.27676,국곡리
034001,3011020,36.427,127.26875,국곡리32사단
034007,8005136,36.42802,127.27674,국곡리
034044,8005113,36.4342,127.28305,두만리
034046,3011040,36.43671,127.2877,두만리(산동마을)
034002,8005043,36.44036,127.28833,감성리
034003,8005044,36.44337,127.28774,감성초등학교
034039,8005513,36.44691,127.28575,도암리입구
034054,8005130,36.45648,127.28418,발산리
034111,3064021,36.46,127.28073,대평리원형교차로
034010,8005081,36.46423,127.28098,금남면사무소
051052,3055058,36.46899,127.27359,세종고속시외버스터미널
051037,8003091,36.48129,127.26187,한솔동(첫마을)
051034,8007086,36.48385,127.2592,첫마을1단지
051040,8007088,36.48019,127.2516,첫마을4단지
051042,3064001,36.47762,127.24973,첫마을5단지
051045,8007091,36.47503,127.25326,첫마을6단지
051047,3064008,36.47491,127.2557,한솔중학교(첫마을7단지)
051039,8007092,36.478,127.26135,첫마을3단지
051038,8007093,36.47821,127.26117,첫마을3단지
051046,3064007,36.47538,127.25558,한솔중학교(첫마을7단지)
051044,8007090,36.47542,127.25308,첫마을6단지
051043,3064002,36.4777,127.25004,첫마을5단지
051041,8007089,36.47998,127.25203,첫마을4단지
051035,8007087,36.48334,127.25863,첫마을1단지
051036,8007084,36.48114,127.26155,한솔동(첫마을)
051053,3055059,36.46881,127.2735,세종고속시외버스터미널
034033,3011029,36.46842,127.2813,용포리
034011,8005080,36.46472,127.28097,금남면사무소
034110,3064020,36.46002,127.28052,대평리원형교차로
034053,8005129,36.45638,127.28405,발산리
034041,3011037,36.44731,127.28557,도암리입구
034005,8005045,36.44355,127.28742,감성초등학교
034004,8005042,36.44005,127.28813,감성리(32사 방면)
034045,8005114,36.43423,127.28279,두만리
034082,8005209,36.42655,127.28053,용담1리(옹기마을)
034085,8005220,36.42269,127.28438,용담리(32사 방면)
060009,6004705,36.41588,127.29789,안산교
42050,8002416,36.3622,127.33468,KT유성지사
051011,8007058,36.46927,127.27381,세종고속시외버스터미널
051012,8007051,36.4693,127.274,세종고속시외버스터미널
011104,3064223,36.62097,127.29037,홍익대학교
011049,3001021,36.61655,127.28695,신안리마을회관
011001,3001055,36.61084,127.29309,고려대학교
011098,3064084,36.60593,127.29399,세종세무서
011055,3001072,36.59973,127.29511,조치원역뒤편
011095,3064034,36.59447,127.29097,신흥사거리
011059,3001052,36.59083,127.29173,자이아파트
036104,3016126,36.57825,127.29256,월하리
036141,3064250,36.56142,127.28429,봉암리
053010,3064098,36.52018,127.24111,가락마을22단지
053008,3064096,36.51872,127.23918,두루초
053051,3064234,36.5173,127.24079,가락마을20
053047,3064203,36.51142,127.24129,고운뜰공원(국민건강보험공단)
051080,3064060,36.50893,127.24059,가락마을8단지
053049,3064205,36.50519,127.24027,가락마을7
051081,3064061,36.50507,127.24365,종촌고등학교
053033,3064125,36.50495,127.24875,가재마을7단지
053035,3064139,36.50092,127.24978,가재마을5
052019,3062002,36.49866,127.25504,어진중학교(가재마을9단지)
051017,8007082,36.49386,127.25619,다정동(성남고등학교)
051010,8007083,36.48774,127.25713,새롬동.나성동
060019,3064353,36.47225,127.27883,대평동커뮤니티센터
060018,3064351,36.47242,127.27909,대평동커뮤니티센터
051008,8007076,36.48688,127.25797,새롬동.나성동
051016,8007077,36.49385,127.25658,다정동(성남고등학교)
052017,3062003,36.49893,127.25491,어진중학교(가재마을9단지)
053034,3064138,36.50047,127.24986,가재마을5
051088,3064068,36.50514,127.24897,가재마을7단지
051089,3064069,36.50524,127.24438,종촌고등학교
053044,3064158,36.50559,127.23952,가락마을7
051090,3064070,36.50877,127.24071,가락마을8단지
053048,3064204,36.51139,127.24163,고운뜰공원(국민건강보험공단)
053050,3064233,36.51751,127.24079,가락마을20
053007,3064095,36.51918,127.23946,두루초
053009,3064097,36.52004,127.24058,가락마을22단지
036140,3064249,36.56182,127.28518,봉암리
036105,3016127,36.57842,127.29276,월하리
011058,3001053,36.59085,127.29192,자이아파트
011094,3064033,36.59447,127.29129,신흥사거리
011085,3001075,36.60061,127.29509,조치원역뒤편
011004,3001064,36.60607,127.29412,세종세무서
011002,3001058,36.61076,127.29344,고려대학교
011033,3001022,36.61637,127.28719,신안리마을회관
035047,3017023,36.49684,127.20511,장군면사무소
035083,3064174,36.49905,127.2082,장군면복지회관
035011,3017039,36.50069,127.21053,대교리
035017,3017054,36.50016,127.21592,봉안리(부일가든)
035064,3017064,36.49905,127.22131,봉안리
035016,3011001,36.49902,127.2291,봉안리(다름고개)
053031,3064123,36.50428,127.23527,고운동커뮤니티센터남측
053029,3064121,36.50716,127.2317,으뜸초등학교
053027,3064119,36.51068,127.22989,가락마을9
053026,3064118,36.5135,127.22966,가락마을10
053024,3064116,36.51723,127.23136,두루고등학교
053022,3064114,36.5196,127.23494,가락마을17
053036,3064140,36.52001,127.23669,고운동커뮤니티센터북측
053011,3064099,36.51878,127.24447,범지기마을3
053013,3064101,36.51899,127.2489,범지기마을10단지북측
052020,3061007,36.51879,127.25226,범지기마을10단지
052025,3061006,36.5147,127.25062,아름초등학교
052047,3061005,36.51045,127.2498,범지기마을6
051057,3056035,36.50648,127.24962,가재마을7
061021,3064262,36.49861,127.24896,가온마을6
061023,3064264,36.49434,127.2488,다정동커뮤니티센터
051126,3064238,36.48988,127.2499,새뜸마을7
051128,3064240,36.48513,127.25094,새롬동커뮤니티센터
051130,3064242,36.48239,127.25328,새뜸마을5
051129,3064241,36.4825,127.25352,새뜸마을5
051127,3064239,36.48585,127.25086,새롬동커뮤니티센터
051125,3064237,36.49123,127.24981,가온마을4
061022,3064263,36.49551,127.24904,다정동커뮤니티센터
061028,3064307,36.49861,127.24918,가온마을6
053043,3064151,36.50438,127.25017,가재마을11단지
052043,3061004,36.50839,127.24997,범지기마을4단지
051074,3064054,36.5125,127.25041,범지기마을8
051075,3064055,36.51536,127.25115,아름초등학교
051076,3064056,36.51854,127.25248,범지기마을10단지
053014,3064102,36.5191,127.24837,범지기마을10단지북측
053012,3064100,36.519,127.24456,범지기마을3
053037,3064141,36.52025,127.2366,고운동커뮤니티센터북측
053021,3064113,36.51985,127.23495,가락마을17
053023,3064115,36.51737,127.23113,두루고등학교
053025,3064117,36.51348,127.22938,가락마을10
053028,3064120,36.51056,127.22963,가락마을9
053030,3064122,36.50704,127.23147,으뜸초등학교
053032,3064124,36.50433,127.23478,고운동커뮤니티센터남측
035072,3064012,36.49924,127.22908,봉안리(다름고개)
035015,3017059,36.49892,127.22398,봉안리
035018,3017049,36.50061,127.21556,봉안리(부일가든)
035012,3017043,36.50109,127.21121,대교리
035082,3064173,36.49916,127.20807,장군면복지회관
034047,3011101,36.45971,127.35184,망골
034022,3011094,36.45984,127.34676,달전리
034025,3011089,36.4617,127.34258,달전리(한울농장)
034079,3011081,36.45845,127.33336,영대1리마을회관
034081,3011086,36.4678,127.33567,영대리
034098,3011083,36.47385,127.3342,황용사
034101,3011061,36.4745,127.3184,황용2리
034021,3011057,36.4704,127.31377,남곡리마을회관
none,3011062,36.47452,127.31857,황용2리
057026,3064272,36.4798,127.30811,장재1리
051027,8005500,36.47968,127.30823,장재1리
034099,3011082,36.47403,127.33406,황용사
none,3011085,36.46787,127.33543,영대리
034026,3011088,36.46182,127.34222,달전리(한울농장)
034023,3011095,36.45978,127.34699,달전리
034027,8105096,36.46222,127.34933,달전리마을회관
034048,3011100,36.45954,127.35183,망골
45100,8002097,36.47465,127.3728,신동2통
061020,3064197,36.47525,127.36992,신동
45080,8002095,36.47515,127.3671,신동1통
034049,3011102,36.47709,127.35183,박산리(작약골)
034123,3064271,36.477,127.35192,박산리(작약골)
45070,8002094,36.47508,127.36701,신동1통
61019,6004397,36.47515,127.36993,신동
45090,8002096,36.47456,127.37276,신동2통
031065,3064156,36.53268,127.24536,은하수공원
058012,3064354,36.50247,127.23841,가락마을6단지
051099,3064145,36.49952,127.24255,다빛초등학교
061046,3064370,36.49155,127.24948,가온마을4
061041,3064361,36.4896,127.24477,새뜸마을4단지
061034,3064313,36.48534,127.24522,새뜸마을3
051131,3064359,36.48026,127.24942,새롬중학교(새뜸마을1단지)
061039,3064358,36.48046,127.24933,새롬중학교(새뜸마을1단지)
061033,3064312,36.48543,127.24555,새뜸마을3
061040,3064360,36.48946,127.24484,새뜸마을4단지
053039,3064144,36.49973,127.24241,다빛초등학교
058011,3064352,36.50255,127.23887,가락마을6단지
